Original_Name,Mapped_INN,Score
Bivalirudin,bivalirudin,90.9090909090909
Sermorelin,sermorelin,90.0
Desmopressin,desmopressin,91.66666666666666
Cetrorelix,cetrorelix,90.0
Eptifibatide,eptifibatide,91.66666666666666
Vasopressin,vasopressin,90.9090909090909
Daptomycin,daptomycin,90.0
Felypressin,felypressin,90.9090909090909
Octreotide,octreotide,90.0
Enfuvirtide,enfuvirtide,90.9090909090909
Ademetionine,ademetionine,91.66666666666666
Phenylalanine,phenylalanine,92.3076923076923
Adenosine phosphate,adenosine phosphate,94.73684210526316
Methionine,methionine,90.0
Calcitriol,calcitriol,90.0
Riboflavin,riboflavin,90.0
N-Acetylglucosamine,N-Acetylglucosamine,100.0
Glutathione,glutathione,90.9090909090909
Calcifediol,calcifediol,90.9090909090909
Tryptophan,tryptophan,90.0
Ergocalciferol,ergocalciferol,92.85714285714286
Citrulline,citrulline,90.0
Pyridoxine,pyridoxine,90.0
Isoleucine,isoleucine,90.0
Asparagine,asparagine,90.0
Pravastatin,pravastatin,90.9090909090909
Fluvoxamine,fluvoxamine,90.9090909090909
Masoprocol,masoprocol,90.0
Flunisolide,flunisolide,90.9090909090909
Pentagastrin,pentagastrin,91.66666666666666
Cevimeline,cevimeline,90.0
Bortezomib,bortezomib,90.0
Ethchlorvynol,ethchlorvynol,92.3076923076923
Phentermine,phentermine,90.9090909090909
Indecainide,indecainide,90.9090909090909
Vidarabine,vidarabine,90.0
Fluconazole,fluconazole,90.9090909090909
Troglitazone,troglitazone,91.66666666666666
Oseltamivir,oseltamivir,90.9090909090909
Erythromycin,erythromycin,91.66666666666666
Sildenafil,sildenafil,90.0
Dofetilide,dofetilide,90.0
Pyrimethamine,pyrimethamine,92.3076923076923
Azithromycin,azithromycin,91.66666666666666
Ticlopidine,ticlopidine,90.9090909090909
Pantoprazole,pantoprazole,91.66666666666666
Citalopram,citalopram,90.0
Eletriptan,eletriptan,90.0
Moxifloxacin,moxifloxacin,91.66666666666666
Oxyphenonium,oxyphenonium,91.66666666666666
Nelfinavir,nelfinavir,90.0
Glimepiride,glimepiride,90.9090909090909
Lovastatin,lovastatin,90.0
Pregabalin,pregabalin,90.0
Methyclothiazide,methylclothiazide,90.9090909090909
Reboxetine,reboxetine,90.0
Pipobroman,pipobroman,90.0
Nevirapine,nevirapine,90.0
Oxiconazole,oxiconazole,90.9090909090909
Butalbital,butalbital,90.0
Cladribine,cladribine,90.0
Ranolazine,ranolazine,90.0
Mesalazine,mesalazine,90.0
Benzatropine,benzatropine,91.66666666666666
Ziprasidone,ziprasidone,90.9090909090909
Methysergide,methysergide,91.66666666666666
Cabergoline,cabergoline,90.9090909090909
Idoxuridine,idoxuridine,90.9090909090909
Terconazole,terconazole,90.9090909090909
Doxycycline,doxycycline,90.9090909090909
Diethylstilbestrol,diethylstilbestrol,94.44444444444444
Lymecycline,lymecycline,90.9090909090909
Clotrimazole,clotrimazole,91.66666666666666
Sulfanilamide,sulfanilamide,92.3076923076923
Cycloserine,cycloserine,90.9090909090909
Anagrelide,anagrelide,90.0
Carmustine,carmustine,90.0
Metoprolol,metoprolol,90.0
Crotamiton,crotamiton,90.0
Dicoumarol,dicoumarol,90.0
Cefmenoxime,cefmenoxime,90.9090909090909
Ropinirole,ropinirole,90.0
Chlorotrianisene,chlorotrianisene,93.75
Isradipine,isradipine,90.0
Diatrizoate,diatrizoate,90.9090909090909
Topiramate,topiramate,90.0
Cefmetazole,cefmetazole,90.9090909090909
Theophylline,theophylline,91.66666666666666
Argatroban,argatroban,90.0
Liothyronine,liothyronine,91.66666666666666
Disopyramide,disopyramide,91.66666666666666
Clemastine,clemastine,90.0
Venlafaxine,venlafaxine,90.9090909090909
Travoprost,travoprost,90.0
Amcinonide,amcinonide,90.0
Atomoxetine,atomoxetine,90.9090909090909
Chlorambucil,chlorambucil,91.66666666666666
Raltitrexed,raltitrexed,90.9090909090909
Etonogestrel,etonogestrel,91.66666666666666
Ropivacaine,ropivacaine,90.9090909090909
Bupivacaine,bupivacaine,90.9090909090909
Dapiprazole,dapiprazole,90.9090909090909
Penciclovir,penciclovir,90.9090909090909
Desogestrel,desogestrel,90.9090909090909
Bexarotene,bexarotene,90.0
Ethoxzolamide,ethoxzolamide,92.3076923076923
Pentobarbital,pentobarbital,92.3076923076923
Zolmitriptan,zolmitriptan,91.66666666666666
Piperacillin,piperacillin,91.66666666666666
Dihydroergotamine,dihydroergotamine,94.11764705882352
Amitriptyline,amitriptyline,92.3076923076923
Floxuridine,floxuridine,90.9090909090909
Fluorometholone,fluorometholone,93.33333333333333
Hydromorphone,hydromorphone,92.3076923076923
Indomethacin,indomethacin,91.66666666666666
Ethambutol,ethambutol,90.0
Ipratropium,ipratropium,90.9090909090909
Olanzapine,olanzapine,90.0
Pimecrolimus,pimecrolimus,91.66666666666666
Omeprazole,omeprazole,90.0
Pyrazinamide,pyrazinamide,91.66666666666666
Cetirizine,cetirizine,90.0
Terfenadine,terfenadine,90.9090909090909
Protriptyline,protriptyline,92.3076923076923
Trimethadione,trimethadione,92.3076923076923
Nitisinone,nitisinone,90.0
Methylergometrine,methylergometrine,94.11764705882352
Chlorzoxazone,chlorzoxazone,92.3076923076923
Aminoglutethimide,aminoglutethimide,94.11764705882352
Mefloquine,mefloquine,90.0
Sulfadiazine,sulfadiazine,91.66666666666666
Sapropterin,sapropterin,90.9090909090909
Vinorelbine,vinorelbine,90.9090909090909
Anidulafungin,anidulafungin,92.3076923076923
Grepafloxacin,grepafloxacin,92.3076923076923
Doxylamine,doxylamine,90.0
Levonorgestrel,levonorgestrel,92.85714285714286
Norepinephrine,norepinephrine,92.85714285714286
Mirtazapine,mirtazapine,90.9090909090909
Meprobamate,meprobamate,90.9090909090909
Thiethylperazine,thiethylperazine,93.75
Treprostinil,treprostinil,91.66666666666666
Trihexyphenidyl,trihexyphenidyl,93.33333333333333
Palonosetron,palonosetron,91.66666666666666
Dydrogesterone,dydrogesterone,92.85714285714286
Mexiletine,mexiletine,90.0
Dexrazoxane,dexrazoxane,90.9090909090909
Amlodipine,amlodipine,90.0
Oxyphencyclimine,oxyphencyclimine,93.75
Triamterene,triamterene,90.9090909090909
Valrubicin,valrubicin,90.0
Procyclidine,procyclidine,91.66666666666666
Phenylephrine,phenylephrine,92.3076923076923
Carbimazole,carbimazole,90.9090909090909
Profenamine,profenamine,90.9090909090909
Nimodipine,nimodipine,90.0
Beclomethasone dipropionate,beclometasone dipropionate,94.33962264150944
Carisoprodol,carisoprodol,91.66666666666666
Progesterone,progesterone,91.66666666666666
Phenylpropanolamine,phenylpropanolamine,94.73684210526316
Griseofulvin,griseofulvin,91.66666666666666
Nisoldipine,nisoldipine,90.9090909090909
Eszopiclone,eszopiclone,90.9090909090909
Ceruletide,ceruletide,90.0
Alprazolam,alprazolam,90.0
Dexbrompheniramine,dexbrompheniramine,94.44444444444444
Remoxipride,remoxipride,90.9090909090909
Rosiglitazone,rosiglitazone,92.3076923076923
Pramipexole,pramipexole,90.9090909090909
Acetohexamide,acetohexamide,92.3076923076923
Ampicillin,ampicillin,90.0
Phenoxymethylpenicillin,phenoxymethylpenicillin,95.65217391304348
Secobarbital,secobarbital,91.66666666666666
Spironolactone,spironolactone,92.85714285714286
Methylphenidate,methylphenidate,93.33333333333333
Methocarbamol,methocarbamol,92.3076923076923
Hyoscyamine,hyoscyamine,90.9090909090909
Famciclovir,famciclovir,90.9090909090909
Triprolidine,triprolidine,91.66666666666666
Streptozocin,streptozocin,91.66666666666666
Cefpiramide,cefpiramide,90.9090909090909
Trifluridine,trifluridine,91.66666666666666
Prochlorperazine,prochlorperazine,93.75
Cyproheptadine,cyproheptadine,92.85714285714286
Bendroflumethiazide,bendroflumethiazide,94.73684210526316
Allopurinol,allopurinol,90.9090909090909
Ceftazidime,ceftazidime,90.9090909090909
Cerivastatin,cerivastatin,91.66666666666666
Trimethoprim,trimethoprim,91.66666666666666
Gemcitabine,gemcitabine,90.9090909090909
Betamethasone,betamethasone,92.3076923076923
Teniposide,teniposide,90.0
Epirubicin,epirubicin,90.0
Chloramphenicol,chloramphenicol,93.33333333333333
Loracarbef,loracarbef,90.0
Lansoprazole,lansoprazole,91.66666666666666
Droperidol,droperidol,90.0
Levothyroxine,levothyroxine,92.3076923076923
Framycetin,framycetin,90.0
Clomocycline,clomocycline,91.66666666666666
Loratadine,loratadine,90.0
Imipramine,imipramine,90.0
Nabumetone,nabumetone,90.0
Metharbital,metharbital,90.9090909090909
Sodium tetradecyl sulfate,sodium tetradecyl sulfate,96.0
Dronabinol,dronabinol,90.0
Montelukast,montelukast,90.9090909090909
Fluoxetine,fluoxetine,90.0
Hexylcaine,hexylcaine,90.0
Methohexital,methohexital,91.66666666666666
Chlordiazepoxide,chlordiazepoxide,93.75
Duloxetine,duloxetine,90.0
Chlorpromazine,chlorpromazine,92.85714285714286
Rimantadine,rimantadine,90.9090909090909
Lenalidomide,lenalidomide,91.66666666666666
Raloxifene,raloxifene,90.0
Brimonidine,brimonidine,90.9090909090909
Dicloxacillin,dicloxacillin,92.3076923076923
Pefloxacin,pefloxacin,90.0
Altretamine,altretamine,90.9090909090909
Fosinopril,fosinopril,90.0
Cefotaxime,cefotaxime,90.0
Entacapone,entacapone,90.0
Zidovudine,zidovudine,90.0
Darifenacin,darifenacin,90.9090909090909
Phenindione,phenindione,90.9090909090909
Cimetidine,cimetidine,90.0
Haloperidol,haloperidol,90.9090909090909
Levallorphan,levallorphan,91.66666666666666
Tridihexethyl,tridihexethyl,92.3076923076923
Nitazoxanide,nitazoxanide,91.66666666666666
Triflupromazine,triflupromazine,93.33333333333333
Dextrothyroxine,dextrothyroxine,93.33333333333333
Acetyldigitoxin,acetyldigitoxin,93.33333333333333
Vancomycin,vancomycin,90.0
Dextromethorphan,dextromethorphan,93.75
Albendazole,albendazole,90.9090909090909
Trandolapril,trandolapril,91.66666666666666
Caspofungin,caspofungin,90.9090909090909
Bentiromide,bentiromide,90.9090909090909
Alitretinoin,alitretinoin,91.66666666666666
Metolazone,metolazone,90.0
Tolnaftate,tolnaftate,90.0
Cinchocaine,cinchocaine,90.9090909090909
Lercanidipine,lercanidipine,92.3076923076923
Cyclophosphamide,cyclophosphamide,93.75
Mephenytoin,mephenytoin,90.9090909090909
Ciprofloxacin,ciprofloxacin,92.3076923076923
Toremifene,toremifene,90.0
Nortriptyline,nortriptyline,92.3076923076923
Vincristine,vincristine,90.9090909090909
Benazepril,benazepril,90.0
Fluorouracil,fluorouracil,91.66666666666666
Pyridostigmine,pyridostigmine,92.85714285714286
Adinazolam,adinazolam,90.0
Desoximetasone,desoximetasone,92.85714285714286
Zafirlukast,zafirlukast,90.9090909090909
Propylthiouracil,propylthiouracil,93.75
Acetohydroxamic acid,acetohydroxamic acid,95.0
Pentostatin,pentostatin,90.9090909090909
Methoxsalen,methoxsalen,90.9090909090909
Lamotrigine,lamotrigine,90.9090909090909
Perflutren,perflutren,90.0
Hydroxyzine,hydroxyzine,90.9090909090909
Tigecycline,tigecycline,90.9090909090909
Benzthiazide,benzthiazide,91.66666666666666
Methotrexate,methotrexate,91.66666666666666
Carbamazepine,carbamazepine,92.3076923076923
Cisatracurium,cisatracurium,92.3076923076923
Cinnarizine,cinnarizine,90.9090909090909
Fondaparinux,fondaparinux,91.66666666666666
Vinblastine,vinblastine,90.9090909090909
Propranolol,propranolol,90.9090909090909
Fenoprofen,fenoprofen,90.0
Fenfluramine,fenfluramine,91.66666666666666
Sulfamethizole,sulfamethizole,92.85714285714286
Valaciclovir,valaciclovir,91.66666666666666
Carbenicillin,carbenicillin,92.3076923076923
Valdecoxib,valdecoxib,90.0
Voriconazole,voriconazole,91.66666666666666
Levocarnitine,levocarnitine,92.3076923076923
Nizatidine,nizatidine,90.0
Diclofenac,diclofenac,90.0
Cinalukast,cinalukast,90.0
Fluticasone propionate,fluticasone propionate,95.45454545454545
Piperazine,piperazine,90.0
Ethosuximide,ethosuximide,91.66666666666666
Oxytetracycline,oxytetracycline,93.33333333333333
Thiopental,thiopental,90.0
Monobenzone,monobenzone,90.9090909090909
Cyclothiazide,cyclothiazide,92.3076923076923
Chloroquine,chloroquine,90.9090909090909
Ethionamide,ethionamide,90.9090909090909
Metaraminol,metaraminol,90.9090909090909
Butorphanol,butorphanol,90.9090909090909
Bisoprolol,bisoprolol,90.0
Amodiaquine,amodiaquine,90.9090909090909
Furazolidone,furazolidone,91.66666666666666
Paramethadione,paramethadione,92.85714285714286
Demeclocycline,demeclocycline,92.85714285714286
Triamcinolone,triamcinolone,92.3076923076923
Oxandrolone,oxandrolone,90.9090909090909
Nicardipine,nicardipine,90.9090909090909
Fluphenazine,fluphenazine,91.66666666666666
Testosterone,testosterone,91.66666666666666
Clofarabine,clofarabine,90.9090909090909
Dexmedetomidine,dexmedetomidine,93.33333333333333
Sulfacetamide,sulfacetamide,92.3076923076923
Prednisone,prednisone,90.0
Clofibrate,clofibrate,90.0
Astemizole,astemizole,90.0
Butoconazole,butoconazole,91.66666666666666
Simvastatin,simvastatin,90.9090909090909
Pemetrexed,pemetrexed,90.0
Mebendazole,mebendazole,90.9090909090909
Gonadorelin,gonadorelin,90.9090909090909
Dextropropoxyphene,dextropropoxyphene,94.44444444444444
Leucovorin,leucovorin,90.0
Pentazocine,pentazocine,90.9090909090909
Latanoprost,latanoprost,90.9090909090909
Mecamylamine,mecamylamine,91.66666666666666
Acamprosate,acamprosate,90.9090909090909
Metaxalone,metaxalone,90.0
Trimethobenzamide,trimethobenzamide,94.11764705882352
Nilutamide,nilutamide,90.0
Epinephrine,epinephrine,90.9090909090909
Sumatriptan,sumatriptan,90.9090909090909
Pirenzepine,pirenzepine,90.9090909090909
Chlorpropamide,chlorpropamide,92.85714285714286
Aprepitant,aprepitant,90.0
Galantamine,galantamine,90.9090909090909
Thioridazine,thioridazine,91.66666666666666
Tobramycin,tobramycin,90.0
Trovafloxacin,trovafloxacin,92.3076923076923
Flurazepam,flurazepam,90.0
Phentolamine,phentolamine,91.66666666666666
Daunorubicin,daunorubicin,91.66666666666666
Furosemide,furosemide,90.0
Ergotamine,ergotamine,90.0
Tizanidine,tizanidine,90.0
Nitrofurantoin,nitrofurantoin,92.85714285714286
Nicergoline,nicergoline,90.9090909090909
Eplerenone,eplerenone,90.0
Amprenavir,amprenavir,90.0
Methazolamide,methazolamide,92.3076923076923
Naltrexone,naltrexone,90.0
Delavirdine,delavirdine,90.9090909090909
Tamsulosin,tamsulosin,90.0
Sufentanil,sufentanil,90.0
Lamivudine,lamivudine,90.0
Diethylcarbamazine,diethylcarbamazine,94.44444444444444
Flurbiprofen,flurbiprofen,91.66666666666666
Apomorphine,apomorphine,90.9090909090909
Paroxetine,paroxetine,90.0
Nedocromil,nedocromil,90.0
Norethisterone,norethisterone,92.85714285714286
Adefovir dipivoxil,adefovir dipivoxil,94.44444444444444
Lisinopril,lisinopril,90.0
Methoxamine,methoxamine,90.9090909090909
Trimipramine,trimipramine,91.66666666666666
Rocuronium,rocuronium,90.0
Thiabendazole,thiabendazole,92.3076923076923
Nateglinide,nateglinide,90.9090909090909
Pralidoxime,pralidoxime,90.9090909090909
Risperidone,risperidone,90.9090909090909
Esomeprazole,esomeprazole,91.66666666666666
Pentamidine,pentamidine,90.9090909090909
Hetacillin,hetacillin,90.0
Hydrocortisone,hydrocortisone,92.85714285714286
Deferoxamine,deferoxamine,91.66666666666666
Scopolamine,scopolamine,90.9090909090909
Carbinoxamine,carbinoxamine,92.3076923076923
Prilocaine,prilocaine,90.0
Epinastine,epinastine,90.0
Tranylcypromine,tranylcypromine,93.33333333333333
Isoflurane,isoflurane,90.0
Hexachlorophene,hexachlorophene,93.33333333333333
Dolasetron,dolasetron,90.0
Clopidogrel,clopidogrel,90.9090909090909
Tetracycline,tetracycline,91.66666666666666
Irinotecan,irinotecan,90.0
Benzquinamide,benzquinamide,92.3076923076923
Olopatadine,olopatadine,90.9090909090909
Hydrocortamate,hydrocortamate,92.85714285714286
Alprostadil,alprostadil,90.9090909090909
Hydroflumethiazide,hydroflumethiazide,94.44444444444444
Oxcarbazepine,oxcarbazepine,92.3076923076923
Propiomazine,propiomazine,91.66666666666666
Roxithromycin,roxithromycin,92.3076923076923
Phenelzine,phenelzine,90.0
Propantheline,propantheline,92.3076923076923
Perindopril,perindopril,90.9090909090909
Tripelennamine,tripelennamine,92.85714285714286
Haloprogin,haloprogin,90.0
Sulfasalazine,sulfasalazine,92.3076923076923
Candesartan cilexetil,candesartan cilexetil,95.23809523809523
Tolazoline,tolazoline,90.0
Tazarotene,tazarotene,90.0
Fenoldopam,fenoldopam,90.0
Alfentanil,alfentanil,90.0
Pentoxifylline,pentoxifylline,92.85714285714286
Proparacaine,proparacaine,91.66666666666666
Indapamide,indapamide,90.0
Tropicamide,tropicamide,90.9090909090909
Phenylbutazone,phenylbutazone,92.85714285714286
Orciprenaline,orciprenaline,92.3076923076923
Acetazolamide,acetazolamide,92.3076923076923
Disulfiram,disulfiram,90.0
Enprofylline,enprofylline,91.66666666666666
Levomenthol,levomenthol,90.9090909090909
Fosfomycin,fosfomycin,90.0
Phenmetrazine,phenmetrazine,92.3076923076923
Trifluoperazine,trifluoperazine,93.33333333333333
Phensuximide,phensuximide,91.66666666666666
Mifepristone,mifepristone,91.66666666666666
Brompheniramine,brompheniramine,93.33333333333333
Loperamide,loperamide,90.0
Tolazamide,tolazamide,90.0
Dobutamine,dobutamine,90.0
Nalbuphine,nalbuphine,90.0
Clofazimine,clofazimine,90.9090909090909
Levamisole,levamisole,90.0
Methylphenobarbital,methylphenobarbital,94.73684210526316
Perphenazine,perphenazine,91.66666666666666
Dacarbazine,dacarbazine,90.9090909090909
Pseudoephedrine,pseudoephedrine,93.33333333333333
Temozolomide,temozolomide,91.66666666666666
Levorphanol,levorphanol,90.9090909090909
Terbinafine,terbinafine,90.9090909090909
Penicillamine,penicillamine,92.3076923076923
Prednisolone,prednisolone,91.66666666666666
Diflunisal,diflunisal,90.0
Vardenafil,vardenafil,90.0
Ranitidine,ranitidine,90.0
Tacrolimus,tacrolimus,90.0
Benzphetamine,benzphetamine,92.3076923076923
Alprenolol,alprenolol,90.0
Dorzolamide,dorzolamide,90.9090909090909
Terbutaline,terbutaline,90.9090909090909
Conivaptan,conivaptan,90.0
Guaifenesin,guaifenesin,90.9090909090909
Flupentixol,flupentixol,90.9090909090909
Eprosartan,eprosartan,90.0
Chlorhexidine,chlorhexidine,92.3076923076923
Emtricitabine,emtricitabine,92.3076923076923
Chlorothiazide,chlorothiazide,92.85714285714286
Pemirolast,pemirolast,90.0
Omapatrilat,omapatrilat,90.9090909090909
Bumetanide,bumetanide,90.0
Mechlorethamine,mechlorethamine,93.33333333333333
Granisetron,granisetron,90.9090909090909
Dienestrol,dienestrol,90.0
Sulfapyridine,sulfapyridine,92.3076923076923
Oxybuprocaine,oxybuprocaine,92.3076923076923
Testolactone,testolactone,91.66666666666666
Rimexolone,rimexolone,90.0
Remifentanil,remifentanil,91.66666666666666
Didanosine,didanosine,90.0
Bitolterol,bitolterol,90.0
Methdilazine,methdilazine,91.66666666666666
Ondansetron,ondansetron,90.9090909090909
Bimatoprost,bimatoprost,90.9090909090909
Zonisamide,zonisamide,90.0
Paricalcitol,paricalcitol,91.66666666666666
Tinidazole,tinidazole,90.0
Repaglinide,repaglinide,90.9090909090909
Anileridine,anileridine,90.9090909090909
Phenformin,phenformin,90.0
Amantadine,amantadine,90.0
Metronidazole,metronidazole,92.3076923076923
Dinoprostone,dinoprostone,91.66666666666666
Almotriptan,almotriptan,90.9090909090909
Spectinomycin,spectinomycin,92.3076923076923
Buprenorphine,buprenorphine,92.3076923076923
Levosimendan,levosimendan,91.66666666666666
Ceforanide,ceforanide,90.0
Cyclobenzaprine,cyclobenzaprine,93.33333333333333
Phenoxybenzamine,phenoxybenzamine,93.75
Etretinate,etretinate,90.0
Famotidine,famotidine,90.0
Azacitidine,azacitidine,90.9090909090909
Misoprostol,misoprostol,90.9090909090909
Metacycline,metacycline,90.9090909090909
Tipranavir,tipranavir,90.0
Mesoridazine,mesoridazine,91.66666666666666
Maprotiline,maprotiline,90.9090909090909
Oxymetazoline,oxymetazoline,92.3076923076923
Diethylpropion,diethylpropion,92.85714285714286
Salmeterol,salmeterol,90.0
Hexafluronium,hexafluronium,92.3076923076923
Zalcitabine,zalcitabine,90.9090909090909
Demecarium,demecarium,90.0
Acetylsalicylic acid,acetylsalicylic acid,95.0
Phenprocoumon,phenprocoumon,92.3076923076923
Fulvestrant,fulvestrant,90.9090909090909
Mezlocillin,mezlocillin,90.9090909090909
Fexofenadine,fexofenadine,91.66666666666666
Naratriptan,naratriptan,90.9090909090909
Rizatriptan,rizatriptan,90.9090909090909
Dirithromycin,dirithromycin,92.3076923076923
Netilmicin,netilmicin,90.0
Hydrocodone,hydrocodone,90.9090909090909
Norgestimate,norgestimate,91.66666666666666
Methylprednisolone,methylprednisolone,94.44444444444444
Mepivacaine,mepivacaine,90.9090909090909
Apraclonidine,apraclonidine,92.3076923076923
Telmisartan,telmisartan,90.9090909090909
Desloratadine,desloratadine,92.3076923076923
Methyldopa,methyldopa,90.0
Dactinomycin,dactinomycin,91.66666666666666
Azelastine,azelastine,90.0
Dipyridamole,dipyridamole,91.66666666666666
Telithromycin,telithromycin,92.3076923076923
Ethinylestradiol,ethinylestradiol,93.75
Lomefloxacin,lomefloxacin,91.66666666666666
Cyclopentolate,cyclopentolate,92.85714285714286
Physostigmine,physostigmine,92.3076923076923
Isotretinoin,isotretinoin,91.66666666666666
Formoterol,formoterol,90.0
Nandrolone phenpropionate,nandrolone phenpropionate,96.0
Cytarabine,cytarabine,90.0
Rivastigmine,rivastigmine,91.66666666666666
Exemestane,exemestane,90.0
Azathioprine,azathioprine,91.66666666666666
Gabapentin,gabapentin,90.0
Doxorubicin,doxorubicin,90.9090909090909
Frovatriptan,frovatriptan,91.66666666666666
Hydrochlorothiazide,hydrochlorothiazide,94.73684210526316
Cyclacillin,cyclacillin,90.9090909090909
Levobupivacaine,levobupivacaine,93.33333333333333
Ganciclovir,ganciclovir,90.9090909090909
Tioconazole,tioconazole,90.9090909090909
Ketoprofen,ketoprofen,90.0
Edrophonium,edrophonium,90.9090909090909
Metyrapone,metyrapone,90.0
Cinacalcet,cinacalcet,90.0
Clobetasol propionate,clobetasol propionate,95.23809523809523
Balsalazide,balsalazide,90.9090909090909
Sulfamethoxazole,sulfamethoxazole,93.75
Minocycline,minocycline,90.9090909090909
Guanfacine,guanfacine,90.0
Bethanechol,bethanechol,90.9090909090909
Isosorbide mononitrate,isosorbide mononitrate,95.45454545454545
Trichlormethiazide,trichlormethiazide,94.44444444444444
Felodipine,felodipine,90.0
Ketoconazole,ketoconazole,91.66666666666666
Methoxyflurane,methoxyflurane,92.85714285714286
Irbesartan,irbesartan,90.0
Ethinamate,ethinamate,90.0
Probenecid,probenecid,90.0
Mercaptopurine,mercaptopurine,92.85714285714286
Procainamide,procainamide,91.66666666666666
Tolterodine,tolterodine,90.9090909090909
Selegiline,selegiline,90.0
Fenofibrate,fenofibrate,90.9090909090909
Thalidomide,thalidomide,90.9090909090909
Gatifloxacin,gatifloxacin,91.66666666666666
Lubiprostone,lubiprostone,91.66666666666666
Fluocinonide,fluocinonide,91.66666666666666
Novobiocin,novobiocin,90.0
Benzylpenicillin,benzylpenicillin,93.75
Nitrendipine,nitrendipine,91.66666666666666
Echothiophate,echothiophate,92.3076923076923
Praziquantel,praziquantel,91.66666666666666
Norfloxacin,norfloxacin,90.9090909090909
Amoxicillin,amoxicillin,90.9090909090909
Azlocillin,azlocillin,90.0
Oxybutynin,oxybutynin,90.0
Acetophenazine,acetophenazine,92.85714285714286
Isoprenaline,isoprenaline,91.66666666666666
Clonazepam,clonazepam,90.0
Promethazine,promethazine,91.66666666666666
Dihydrotachysterol,dihydrotachysterol,94.44444444444444
Mequitazine,mequitazine,90.9090909090909
Atazanavir,atazanavir,90.0
Perhexiline,perhexiline,90.9090909090909
Diphenhydramine,diphenhydramine,93.33333333333333
Atorvastatin,atorvastatin,91.66666666666666
Deslanoside,deslanoside,90.9090909090909
Vigabatrin,vigabatrin,90.0
Diphenoxylate,diphenoxylate,92.3076923076923
Streptomycin,Streptomycin B,92.3076923076923
Emedastine,emedastine,90.0
Pilocarpine,pilocarpine,90.9090909090909
Benzocaine,benzocaine,90.0
Primaquine,primaquine,90.0
Deserpidine,deserpidine,90.9090909090909
Butenafine,butenafine,90.0
Dimethyl sulfoxide,dimethyl sulfoxide,94.44444444444444
Hesperetin,hesperetin,90.0
Fluvastatin,fluvastatin,90.9090909090909
Oxamniquine,oxamniquine,90.9090909090909
Leflunomide,leflunomide,90.9090909090909
Rosuvastatin,rosuvastatin,91.66666666666666
Flucytosine,flucytosine,90.9090909090909
Capecitabine,capecitabine,91.66666666666666
Arbutamine,arbutamine,90.0
Sertraline,sertraline,90.0
Sibutramine,sibutramine,90.9090909090909
Levocabastine,levocabastine,92.3076923076923
Methyprylon,methyprylon,90.9090909090909
Trilostane,trilostane,90.0
Miconazole,miconazole,90.0
Cefuroxime,cefuroxime,90.0
Papaverine,papaverine,90.0
Nifedipine,nifedipine,90.0
Atovaquone,atovaquone,90.0
Amiodarone,amiodarone,90.0
Gliclazide,gliclazide,90.0
Phenacemide,phenacemide,90.9090909090909
Ambenonium,ambenonium,90.0
Proflavine,proflavine,90.0
Tolbutamide,tolbutamide,90.9090909090909
Anisindione,anisindione,90.9090909090909
Dutasteride,dutasteride,90.9090909090909
Bicalutamide,bicalutamide,91.66666666666666
Rabeprazole,rabeprazole,90.9090909090909
Prednicarbate,prednicarbate,92.3076923076923
Pioglitazone,pioglitazone,91.66666666666666
Desoxycorticosterone pivalate,desoxycorticosterone pivalate,96.55172413793103
Doxacurium,doxacurium,90.0
Carvedilol,carvedilol,90.0
Levofloxacin,levofloxacin,91.66666666666666
Sulfinpyrazone,sulfinpyrazone,92.85714285714286
Cefadroxil,cefadroxil,90.0
Micafungin,micafungin,90.0
Amifostine,amifostine,90.0
Diclofenamide,clofenamide,91.66666666666666
Diphenylpyraline,diphenylpyraline,93.75
Cloxacillin,cloxacillin,90.9090909090909
Nefazodone,nefazodone,90.0
Desipramine,desipramine,90.9090909090909
Candicidin,candicidin,90.0
Sertaconazole,sertaconazole,92.3076923076923
Gemifloxacin,gemifloxacin,91.66666666666666
Trimetrexate,trimetrexate,91.66666666666666
Chloroprocaine,chloroprocaine,92.85714285714286
Cilostazol,cilostazol,90.0
Itraconazole,itraconazole,91.66666666666666
Procarbazine,procarbazine,91.66666666666666
Arsenic trioxide,arsenic trioxide,93.75
Guanethidine,guanethidine,91.66666666666666
Moclobemide,moclobemide,90.9090909090909
Orphenadrine,orphenadrine,91.66666666666666
Phenobarbital,phenobarbital,92.3076923076923
Escitalopram,escitalopram,91.66666666666666
Idarubicin,idarubicin,90.0
Chlormezanone,chlormezanone,92.3076923076923
Rescinnamine,rescinnamine,91.66666666666666
Ifosfamide,ifosfamide,90.0
Propafenone,propafenone,90.9090909090909
Domperidone,domperidone,90.9090909090909
Fluoxymesterone,fluoxymesterone,93.33333333333333
Ciclopirox,ciclopirox,90.0
Desflurane,desflurane,90.0
Clindamycin,clindamycin,90.9090909090909
Dexfenfluramine,dexfenfluramine,93.33333333333333
Oxymorphone,oxymorphone,90.9090909090909
Acebutolol,acebutolol,90.0
Brinzolamide,brinzolamide,91.66666666666666
Flecainide,flecainide,90.0
Estramustine,estramustine,91.66666666666666
Tubocurarine,tubocurarine,91.66666666666666
Bromocriptine,bromocriptine,92.3076923076923
Rifapentine,rifapentine,90.9090909090909
Levetiracetam,levetiracetam,92.3076923076923
Mitoxantrone,mitoxantrone,91.66666666666666
Flumazenil,flumazenil,90.0
Sparfloxacin,sparfloxacin,91.66666666666666
Levobunolol,levobunolol,90.9090909090909
Clarithromycin,clarithromycin,92.85714285714286
Ceftriaxone,ceftriaxone,90.9090909090909
Fomepizole,fomepizole,90.0
Metipranolol,metipranolol,91.66666666666666
Finasteride,finasteride,90.9090909090909
Anastrozole,anastrozole,90.9090909090909
Halofantrine,halofantrine,91.66666666666666
Dantrolene,dantrolene,90.0
Budesonide,budesonide,90.0
Quetiapine,quetiapine,90.0
Mivacurium,mivacurium,90.0
Levacetylmethadol,acetylmethadol,90.32258064516128
Paclitaxel,paclitaxel,90.0
Diphenidol,diphenidol,90.0
Saquinavir,saquinavir,90.0
Metoclopramide,metoclopramide,92.85714285714286
Dexamethasone,dexamethasone,92.3076923076923
Sevoflurane,sevoflurane,90.9090909090909
Aripiprazole,aripiprazole,91.66666666666666
Chlorprothixene,chlorprothixene,93.33333333333333
Epoprostenol,epoprostenol,91.66666666666666
Gemfibrozil,gemfibrozil,90.9090909090909
Clomipramine,clomipramine,91.66666666666666
Chloroxine,chloroxine,90.0
Decamethonium,decamethonium,92.3076923076923
Alimemazine,alimemazine,90.9090909090909
Isocarboxazid,isocarboxazid,92.3076923076923
Olsalazine,olsalazine,90.0
Gliquidone,gliquidone,90.0
Mitiglinide,mitiglinide,90.9090909090909
Ergometrine,ergometrine,90.9090909090909
Lisdexamfetamine,lisdexamfetamine,93.75
Retapamulin,retapamulin,90.9090909090909
Lapatinib,apatinib,94.11764705882352
Sitagliptin,sitagliptin,90.9090909090909
Decitabine,decitabine,90.0
Posaconazole,posaconazole,91.66666666666666
Telbivudine,telbivudine,90.9090909090909
Paliperidone,paliperidone,91.66666666666666
Varenicline,varenicline,90.9090909090909
Arformoterol,arformoterol,91.66666666666666
Hydralazine,hydralazine,90.9090909090909
Pramlintide,pramlintide,90.9090909090909
Nelarabine,nelarabine,90.0
Carbetocin,carbetocin,90.0
Lumiracoxib,lumiracoxib,90.9090909090909
Tetracosactide,tetracosactide,92.85714285714286
Corticotropin,corticotropin,92.3076923076923
Glisoxepide,glisoxepide,90.9090909090909
Pirbuterol,pirbuterol,90.0
Bismuth subsalicylate,bismuth subsalicylate,95.23809523809523
Bevantolol,bevantolol,90.0
Glucosamine,glucosamine,90.9090909090909
Sulfacytine,sulfacytine,90.9090909090909
Sulfadoxine,sulfadoxine,90.9090909090909
Rolitetracycline,rolitetracycline,93.75
Fosamprenavir,fosamprenavir,92.3076923076923
Fosphenytoin,fosphenytoin,91.66666666666666
Polythiazide,polythiazide,91.66666666666666
Quinethazone,quinethazone,91.66666666666666
Cefamandole,cefamandole,90.9090909090909
Cefoperazone,cefoperazone,91.66666666666666
Ceftizoxime,ceftizoxime,90.9090909090909
Pancuronium,pancuronium,90.9090909090909
Pipecuronium,pipecuronium,91.66666666666666
Vecuronium,vecuronium,90.0
Cilazapril,cilazapril,90.0
Tasosartan,tasosartan,90.0
Amobarbital,amobarbital,90.9090909090909
Aprobarbital,aprobarbital,91.66666666666666
Butobarbital,butobarbital,91.66666666666666
Hexobarbital,hexobarbital,91.66666666666666
Penbutolol,penbutolol,90.0
Mephentermine,mephentermine,92.3076923076923
Procaterol,procaterol,90.0
Rasagiline,rasagiline,90.0
Quinupristin,quinupristin,91.66666666666666
Magnesium oxide,magnesium oxide,93.33333333333333
Mibefradil,mibefradil,90.0
Bezafibrate,bezafibrate,90.9090909090909
Colchicine,colchicine,90.0
Drospirenone,drospirenone,91.66666666666666
Neostigmine,neostigmine,90.9090909090909
Temafloxacin,temafloxacin,91.66666666666666
Clenbuterol,clenbuterol,90.9090909090909
Bambuterol,bambuterol,90.0
Ciclesonide,ciclesonide,90.9090909090909
Pranlukast,pranlukast,90.0
Theobromine,theobromine,90.9090909090909
Cefacetrile,cefacetrile,90.9090909090909
Ceftibuten,ceftibuten,90.0
Acenocoumarol,acenocoumarol,92.3076923076923
Antrafenine,antrafenine,90.9090909090909
Paromomycin,paromomycin,90.9090909090909
Nitroxoline,nitroxoline,90.9090909090909
Aminophenazone,aminophenazone,92.85714285714286
Alizapride,alizapride,90.0
Oxybenzone,oxybenzone,90.0
Allylestrenol,allylestrenol,92.3076923076923
Alfacalcidol,alfacalcidol,91.66666666666666
Glutethimide,glutethimide,91.66666666666666
Phenazopyridine,phenazopyridine,93.33333333333333
Dimethylthiambutene,dimethylthiambutene,94.73684210526316
Diamorphine,diamorphine,90.9090909090909
5-androstenedione,androstenedione,93.75
Bezitramide,bezitramide,90.9090909090909
Dimenoxadol,dimenoxadol,90.9090909090909
Fencamfamin,fencamfamin,90.9090909090909
Ethylmorphine,ethylmorphine,92.3076923076923
Ethylmethylthiambutene,ethylmethylthiambutene,95.45454545454545
Haloxazolam,haloxazolam,90.9090909090909
Dipipanone,dipipanone,90.0
Ethylestrenol,ethylestrenol,92.3076923076923
Diampromide,diampromide,90.9090909090909
Delorazepam,delorazepam,90.9090909090909
Betacetylmethadol,acetylmethadol,90.32258064516128
Androstenediol,androstenediol,92.85714285714286
Clortermine,clortermine,90.9090909090909
Dextromoramide,dextromoramide,92.85714285714286
Desomorphine,desomorphine,91.66666666666666
Diethylthiambutene,dimethylthiambutene,91.89189189189189
Androstenedione,androstenedione,93.33333333333333
Acetyldihydrocodeine,acetyldihydrocodeine,95.0
Flunitrazepam,flunitrazepam,92.3076923076923
Ethyl loflazepate,ethyl loflazepate,94.11764705882352
Etryptamine,etryptamine,90.9090909090909
Drotebanol,drotebanol,90.0
Fenproporex,fenproporex,90.9090909090909
Dihydrocodeine,dihydrocodeine,92.85714285714286
Cloxazolam,cloxazolam,90.0
Chlorphentermine,chlorphentermine,93.75
Bromazepam,bromazepam,90.0
Clotiazepam,clotiazepam,90.9090909090909
Chloral hydrate,chloral hydrate,93.33333333333333
Calusterone,calusterone,90.9090909090909
Fludiazepam,fludiazepam,90.9090909090909
Formebolone,formebolone,90.9090909090909
Metrizamide,metrizamide,90.9090909090909
Phendimetrazine,phendimetrazine,93.33333333333333
Oxprenolol,oxprenolol,90.0
Sulfamerazine,sulfamerazine,92.3076923076923
Everolimus,everolimus,90.0
Solifenacin,solifenacin,90.9090909090909
Cinolazepam,cinolazepam,90.9090909090909
Nitrazepam,nitrazepam,90.0
Cilastatin,cilastatin,90.0
Bacampicillin,bacampicillin,92.3076923076923
Meticillin,meticillin,90.0
Pivampicillin,pivampicillin,92.3076923076923
Pivmecillinam,pivmecillinam,92.3076923076923
Tazobactam,tazobactam,90.0
Ticarcillin,ticarcillin,90.9090909090909
Periciazine,periciazine,90.9090909090909
Deferasirox,deferasirox,90.9090909090909
Valganciclovir,valganciclovir,92.85714285714286
Hydroxychloroquine,hydroxychloroquine,94.44444444444444
Acepromazine,acepromazine,91.66666666666666
Aceprometazine,aceprometazine,92.85714285714286
Phenindamine,phenindamine,91.66666666666666
Pheniramine,pheniramine,90.9090909090909
Thioproperazine,thioproperazine,93.33333333333333
Thiothixene,thiothixene,90.9090909090909
Zuclopenthixol,zuclopenthixol,92.85714285714286
Isopropamide,isopropamide,91.66666666666666
Lincomycin,lincomycin,90.0
Etoricoxib,etoricoxib,90.0
Roflumilast,roflumilast,90.9090909090909
Topiroxostat,topiroxostat,91.66666666666666
Prasterone,prasterone,90.0
Cetrimonium,cetrimonium,90.9090909090909
Dalfopristin,dalfopristin,91.66666666666666
D-Alanine,DL-Alanine,94.73684210526316
Protoporphyrin,protoporphyrin,92.85714285714286
Carbenoxolone,carbenoxolone,92.3076923076923
Vorinostat,vorinostat,90.0
Terlipressin,terlipressin,91.66666666666666
Fumagillin,fumagillin,90.0
Nicotinamide,nicotinamide,91.66666666666666
Piretanide,piretanide,90.0
Oxitriptan,oxitriptan,90.0
Acetylcholine,acetylcholine,92.3076923076923
Acetic acid,acetic acid,90.9090909090909
Phencyclidine,phencyclidine,92.3076923076923
Oxyphenbutazone,oxyphenbutazone,93.33333333333333
Tiratricol,tiratricol,90.0
Ribostamycin,ribostamycin,91.66666666666666
Doconexent,doconexent,90.0
Phenacetin,phenacetin,90.0
Hexamidine,hexamidine,90.0
Formaldehyde,formaldehyde,91.66666666666666
Fotemustine,fotemustine,90.9090909090909
Valpromide,valpromide,90.0
Aceglutamide,aceglutamide,91.66666666666666
Bropirimine,bropirimine,90.9090909090909
Dequalinium,dequalinium,90.9090909090909
Carbocisteine,carbocisteine,92.3076923076923
Lactic acid,acetic acid,90.9090909090909
Aminoquinuride,aminoquinuride,92.85714285714286
Dexfosfoserine,dexfosfoserine,92.85714285714286
Gluconolactone,gluconolactone,92.85714285714286
Trioxsalen,trioxsalen,90.0
Quinestrol,quinestrol,90.0
Fleroxacin,fleroxacin,90.0
Aniracetam,aniracetam,90.0
Aldosterone,aldosterone,90.9090909090909
Biphenylalanine,phenylalanine,92.85714285714286
Nimesulide,nimesulide,90.0
Bifonazole,bifonazole,90.0
Benoxaprofen,benoxaprofen,91.66666666666666
Bunamiodyl,bunamiodyl,90.0
Clioquinol,clioquinol,90.0
Metamizole,metamizole,90.0
Iproniazid,iproniazid,90.0
Methapyrilene,methapyrilene,92.3076923076923
Nomifensine,nomifensine,90.9090909090909
Phenolphthalein,phenolphthalein,93.33333333333333
Prenylamine,prenylamine,90.9090909090909
Thenalidine,thenalidine,90.9090909090909
Methaqualone,methaqualone,91.66666666666666
Rapacuronium,rapacuronium,91.66666666666666
Amineptine,amineptine,90.0
Clofedanol,clofedanol,90.0
Cyclandelate,cyclandelate,91.66666666666666
Debrisoquine,debrisoquine,91.66666666666666
Flunarizine,flunarizine,90.9090909090909
Fluspirilene,fluspirilene,91.66666666666666
Mepenzolate,mepenzolate,90.9090909090909
Tetrabenazine,tetrabenazine,92.3076923076923
Ixabepilone,ixabepilone,90.9090909090909
Celiprolol,celiprolol,90.0
Roxadustat,roxadustat,90.0
Febuxostat,febuxostat,90.0
Dronedarone,dronedarone,90.9090909090909
Dexloxiglumide,dexloxiglumide,92.85714285714286
Lorcaserin,lorcaserin,90.0
Vildagliptin,vildagliptin,91.66666666666666
Dapoxetine,dapoxetine,90.0
Bepotastine,bepotastine,90.9090909090909
Milnacipran,milnacipran,90.9090909090909
Ximelagatran,ximelagatran,91.66666666666666
Nesiritide,nesiritide,90.0
Thymalfasin,thymalfasin,90.9090909090909
Flibanserin,flibanserin,90.9090909090909
Oritavancin,oritavancin,90.9090909090909
Clevidipine,clevidipine,90.9090909090909
Permethrin,permethrin,90.0
Afamelanotide,afamelanotide,92.3076923076923
Ospemifene,ospemifene,90.0
Tamibarotene,tamibarotene,91.66666666666666
Iloperidone,iloperidone,90.9090909090909
Lofexidine,lofexidine,90.0
Pirfenidone,pirfenidone,90.9090909090909
Troxacitabine,troxacitabine,92.3076923076923
Lucanthone,lucanthone,90.0
Canfosfamide,canfosfamide,91.66666666666666
Ingenol mebutate,ingenol mebutate,93.75
Belinostat,belinostat,90.0
Migalastat,migalastat,90.0
Indacaterol,indacaterol,90.9090909090909
Erdosteine,erdosteine,90.0
Abaloparatide,abaloparatide,92.3076923076923
Pleconaril,pleconaril,90.0
Trabectedin,trabectedin,90.9090909090909
Pretomanid,pretomanid,90.0
Vintafolide,vintafolide,90.9090909090909
Crisaborole,crisaborole,90.9090909090909
Cobimetinib,cobimetinib,90.9090909090909
Methsuximide,ethosuximide,91.66666666666666
Rotigotine,rotigotine,90.0
Vandetanib,vandetanib,90.0
Eldecalcitol,eldecalcitol,91.66666666666666
Pimavanserin,pimavanserin,91.66666666666666
Dexlansoprazole,dexlansoprazole,93.33333333333333
Corticorelin,corticorelin,91.66666666666666
Telaprevir,telaprevir,90.0
Brivaracetam,brivaracetam,91.66666666666666
Sodium stibogluconate,sodium stibogluconate,95.23809523809523
Apremilast,apremilast,90.0
Perflubron,perflubron,90.0
Prasterone sulfate,prasterone sulfate,94.44444444444444
Aldoxorubicin,doxorubicin,91.66666666666666
Cariprazine,cariprazine,90.9090909090909
Lumateperone,lumateperone,91.66666666666666
Cenobamate,cenobamate,90.0
Tirbanibulin,tirbanibulin,91.66666666666666
Sertindole,sertindole,90.0
Spiramycin,Spiramycin I,90.9090909090909
Sulfathiazole,sulfathiazole,92.3076923076923
Sulfadimethoxine,sulfadimethoxine,93.75
Acetylcysteine,acetylcysteine,92.85714285714286
Rimonabant,rimonabant,90.0
Garenoxacin,garenoxacin,90.9090909090909
Romidepsin,romidepsin,90.0
Forodesine,forodesine,90.0
Pixantrone,pixantrone,90.0
Rufinamide,rufinamide,90.0
Lasofoxifene,lasofoxifene,91.66666666666666
Alogliptin,alogliptin,90.0
Tapentadol,tapentadol,90.0
Sugammadex,sugammadex,90.0
Eltrombopag,eltrombopag,90.9090909090909
Regadenoson,regadenoson,90.9090909090909
Vernakalant,vernakalant,90.9090909090909
Lacosamide,lacosamide,90.0
Dalbavancin,dalbavancin,90.9090909090909
Rivaroxaban,rivaroxaban,90.9090909090909
Ridaforolimus,ridaforolimus,92.3076923076923
Eflornithine,eflornithine,91.66666666666666
Tolperisone,tolperisone,90.9090909090909
Lonidamine,lonidamine,90.0
Sitaxentan,sitaxentan,90.0
Maxacalcitol,maxacalcitol,91.66666666666666
Levocetirizine,levocetirizine,92.85714285714286
Ziconotide,ziconotide,90.0
Teriparatide,teriparatide,91.66666666666666
Temsirolimus,temsirolimus,91.66666666666666
Amisulpride,amisulpride,90.9090909090909
Simeprevir,simeprevir,90.0
Dapagliflozin,dapagliflozin,92.3076923076923
Saxagliptin,saxagliptin,90.9090909090909
Bazedoxifene,bazedoxifene,91.66666666666666
Telavancin,telavancin,90.0
Ambrisentan,ambrisentan,90.9090909090909
Taribavirin,taribavirin,90.9090909090909
Doxercalciferol,doxercalciferol,93.33333333333333
Oxymetholone,oxymetholone,91.66666666666666
Armodafinil,armodafinil,90.9090909090909
Etravirine,etravirine,90.0
Lonafarnib,lonafarnib,90.0
Clomethiazole,clomethiazole,92.3076923076923
Propentofylline,propentofylline,93.33333333333333
Prucalopride,prucalopride,91.66666666666666
Etilevodopa,etilevodopa,90.9090909090909
Cetilistat,cetilistat,90.0
Ceftaroline fosamil,ceftaroline fosamil,94.73684210526316
Agomelatine,agomelatine,90.9090909090909
Midostaurin,midostaurin,90.9090909090909
Nemonoxacin,nemonoxacin,90.9090909090909
Panobinostat,panobinostat,91.66666666666666
Tafenoquine,tafenoquine,90.9090909090909
Flupirtine,flupirtine,90.0
Casopitant,casopitant,90.0
Isavuconazonium,isavuconazonium,93.33333333333333
Safinamide,safinamide,90.0
Liraglutide,liraglutide,90.9090909090909
Pasireotide,pasireotide,90.9090909090909
Arverapamil,verapamil,90.0
Esmirtazapine,mirtazapine,91.66666666666666
Naproxcinod,naproxcinod,90.9090909090909
Vilazodone,vilazodone,90.0
Laquinimod,laquinimod,90.0
Nitrous oxide,nitrous oxide,92.3076923076923
Mepyramine,mepyramine,90.0
Xylometazoline,xylometazoline,92.85714285714286
Dabigatran etexilate,dabigatran etexilate,95.0
Artemether,artemether,90.0
Betahistine,betahistine,90.9090909090909
Desvenlafaxine,desvenlafaxine,92.85714285714286
Dexmethylphenidate,dexmethylphenidate,94.44444444444444
Fesoterodine,fesoterodine,91.66666666666666
Isometheptene,isometheptene,92.3076923076923
Lumefantrine,lumefantrine,91.66666666666666
Methacholine,methacholine,91.66666666666666
Methyltestosterone,methyltestosterone,94.44444444444444
Naphazoline,naphazoline,90.9090909090909
Nilvadipine,nilvadipine,90.9090909090909
Norelgestromin,norelgestromin,92.85714285714286
Propylhexedrine,propylhexedrine,93.33333333333333
Fospropofol,fospropofol,90.9090909090909
Fosaprepitant,fosaprepitant,92.3076923076923
Stanozolol,stanozolol,90.0
Lornoxicam,lornoxicam,90.0
Sulfaphenazole,sulfaphenazole,92.85714285714286
Aceclofenac,aceclofenac,90.9090909090909
Zaltoprofen,zaltoprofen,90.9090909090909
Ketobemidone,ketobemidone,91.66666666666666
Seratrodast,seratrodast,90.9090909090909
Drotaverine,drotaverine,90.9090909090909
Tetryzoline,tetryzoline,90.9090909090909
Alcaftadine,alcaftadine,90.9090909090909
Bendamustine,bendamustine,91.66666666666666
Besifloxacin,besifloxacin,91.66666666666666
Cabazitaxel,cabazitaxel,90.9090909090909
Difluprednate,difluprednate,92.3076923076923
Dimercaprol,dimercaprol,90.9090909090909
Halcinonide,halcinonide,90.9090909090909
Hexocyclium,hexocyclium,90.9090909090909
Lanreotide,lanreotide,90.0
Levopropoxyphene,levopropoxyphene,93.75
Lodoxamide,lodoxamide,90.0
Mebutamate,mebutamate,90.0
Methenamine,methenamine,90.9090909090909
Methylnaltrexone,methylnaltrexone,93.75
Monoctanoin,monoctanoin,90.9090909090909
Niclosamide,niclosamide,90.9090909090909
Piperacetazine,piperacetazine,92.85714285714286
Plerixafor,plerixafor,90.0
Plicamycin,plicamycin,90.0
Pralatrexate,pralatrexate,91.66666666666666
Protokylol,protokylol,90.0
Pyrithione,pyrithione,90.0
Raltegravir,raltegravir,90.9090909090909
Sulconazole,sulconazole,90.9090909090909
Sulfameter,sulfameter,90.0
Triptorelin,triptorelin,90.9090909090909
Hymecromone,hymecromone,90.9090909090909
Azapropazone,azapropazone,91.66666666666666
Chloramphenicol succinate,chloramphenicol succinate,96.0
Dibromotyrosine,dibromotyrosine,93.33333333333333
Efaproxiral,efaproxiral,90.9090909090909
Thiamphenicol,thiamphenicol,92.3076923076923
Azidocillin,azidocillin,90.9090909090909
Salicylamide,salicylamide,91.66666666666666
Sulfamoxole,sulfamoxole,90.9090909090909
Antazoline,antazoline,90.0
Chloropyramine,chloropyramine,92.85714285714286
Dimetindene,dimetindene,90.9090909090909
Isothipendyl,isothipendyl,91.66666666666666
Tymazoline,tymazoline,90.0
Bopindolol,bopindolol,90.0
Bupranolol,bupranolol,90.0
Cinitapride,cinitapride,90.9090909090909
Lurasidone,lurasidone,90.0
Ticagrelor,ticagrelor,90.0
Tafluprost,tafluprost,90.0
Azilsartan medoxomil,azilsartan medoxomil,95.0
Ioflupane I-123,Ioflupane I-123,100.0
Deferiprone,deferiprone,90.9090909090909
Lomitapide,lomitapide,90.0
Vismodegib,vismodegib,90.0
Temocapril,temocapril,90.0
Acetylcarnitine,acetylcarnitine,93.33333333333333
Hydroxyproline,hydroxyproline,92.85714285714286
Pitavastatin,pitavastatin,91.66666666666666
Rilpivirine,rilpivirine,90.9090909090909
Crizotinib,crizotinib,90.0
Ulipristal,ulipristal,90.0
Fingolimod,fingolimod,90.0
Boceprevir,boceprevir,90.0
Fidaxomicin,fidaxomicin,90.9090909090909
Cabozantinib,cabozantinib,91.66666666666666
Ruxolitinib,ruxolitinib,90.9090909090909
Aminopterin,aminopterin,90.9090909090909
Teriflunomide,teriflunomide,92.3076923076923
Vemurafenib,vemurafenib,90.9090909090909
Linagliptin,linagliptin,90.9090909090909
Perampanel,perampanel,90.0
Carfilzomib,carfilzomib,90.9090909090909
Linaclotide,linaclotide,90.9090909090909
Mirabegron,mirabegron,90.0
Tofacitinib,tofacitinib,90.9090909090909
Regorafenib,regorafenib,90.9090909090909
Aclidinium,clidinium,94.73684210526316
Enzalutamide,enzalutamide,91.66666666666666
Teduglutide,teduglutide,90.9090909090909
Bedaquiline,bedaquiline,90.9090909090909
Formestane,formestane,90.0
Fluticasone furoate,fluticasone furoate,94.73684210526316
Canagliflozin,canagliflozin,92.3076923076923
Dimethyl fumarate,dimethyl fumarate,94.11764705882352
Glycerol phenylbutyrate,glycerol phenylbutyrate,95.65217391304348
Pomalidomide,pomalidomide,91.66666666666666
Trametinib,trametinib,90.0
Dabrafenib,dabrafenib,90.0
Levomilnacipran,levomilnacipran,93.33333333333333
Perospirone,perospirone,90.9090909090909
Amfecloral,amfecloral,90.0
Acediasulfone,acediasulfone,92.3076923076923
Amperozide,amperozide,90.0
Dolutegravir,dolutegravir,91.66666666666666
Macitentan,macitentan,90.0
Luliconazole,luliconazole,91.66666666666666
Sofosbuvir,sofosbuvir,90.0
Chlorcyclizine,chlorcyclizine,92.85714285714286
Letosteine,letosteine,90.0
Isoxsuprine,isoxsuprine,90.9090909090909
Isoconazole,isoconazole,90.9090909090909
Isoaminile,isoaminile,90.0
Inositol nicotinate,inositol nicotinate,94.73684210526316
Indoprofen,indoprofen,90.0
Ifenprodil,ifenprodil,90.0
Hexoprenaline,hexoprenaline,92.3076923076923
Hexetidine,hexetidine,90.0
Hexamethonium,hexamethonium,92.3076923076923
Glibornuride,glibornuride,91.66666666666666
Fursultiamine,fursultiamine,92.3076923076923
Dimetotiazine,dimetotiazine,92.3076923076923
Fluprednidene,fluprednidene,92.3076923076923
Fluocortolone,fluocortolone,92.3076923076923
Flumequine,flumequine,90.0
Flubendazole,flubendazole,91.66666666666666
Florantyrone,florantyrone,91.66666666666666
Floctafenine,floctafenine,91.66666666666666
Fenspiride,fenspiride,90.0
Etofibrate,etofibrate,90.0
Etofenamate,etofenamate,90.9090909090909
Etilefrine,etilefrine,90.0
Etidocaine,etidocaine,90.0
Ethoheptazine,ethoheptazine,92.3076923076923
Eprazinone,eprazinone,90.0
Enviomycin,enviomycin,90.0
Dimetacrine,dimetacrine,90.9090909090909
Dexetimide,dexetimide,90.0
Demexiptiline,demexiptiline,92.3076923076923
Cyclopentamine,cyclopentamine,92.85714285714286
Cyamemazine,cyamemazine,90.9090909090909
Cloperastine,cloperastine,91.66666666666666
Clocapramine,clocapramine,91.66666666666666
Clobutinol,clobutinol,90.0
Clinofibrate,clinofibrate,91.66666666666666
Chlorphenoxamine,chlorphenoxamine,93.75
Cefaloridine,cefaloridine,91.66666666666666
Carbazochrome,carbazochrome,92.3076923076923
Captodiame,captodiame,90.0
Butriptyline,butriptyline,91.66666666666666
Brotizolam,brotizolam,90.0
Bromopride,bromopride,90.0
Bromhexine,bromhexine,90.0
Benzoctamine,benzoctamine,91.66666666666666
Benfluorex,benfluorex,90.0
Benactyzine,benactyzine,90.9090909090909
Ledipasvir,ledipasvir,90.0
Miltefosine,miltefosine,90.9090909090909
Suvorexant,suvorexant,90.0
Empagliflozin,empagliflozin,92.3076923076923
Eliglustat,eliglustat,90.0
Efinaconazole,efinaconazole,92.3076923076923
Tavaborole,tavaborole,90.0
Albiglutide,albiglutide,90.9090909090909
Finafloxacin,finafloxacin,91.66666666666666
Netupitant,netupitant,90.0
Ceftolozane,ceftolozane,90.9090909090909
Idelalisib,idelalisib,90.0
Amorolfine,amorolfine,90.0
Cannabidiol,cannabidiol,90.9090909090909
Ciprofibrate,ciprofibrate,91.66666666666666
Cobicistat,cobicistat,90.0
Vortioxetine,vortioxetine,91.66666666666666
Trimetazidine,trimetazidine,92.3076923076923
Tasimelteon,tasimelteon,90.9090909090909
Palbociclib,palbociclib,90.9090909090909
Umeclidinium,umeclidinium,91.66666666666666
Lenvatinib,lenvatinib,90.0
Nintedanib,nintedanib,90.0
Olodaterol,olodaterol,90.0
Vilanterol,vilanterol,90.0
Ivabradine,ivabradine,90.0
Benzydamine,benzydamine,90.9090909090909
Tetracaine,tetracaine,90.0
Amylocaine,amylocaine,90.0
Trimebutine,trimebutine,90.9090909090909
Pinaverium,pinaverium,90.0
Tixocortol,tixocortol,90.0
Chlortetracycline,chlortetracycline,94.11764705882352
Difluocortolone,fluocortolone,92.85714285714286
Benzoyl peroxide,benzoyl peroxide,93.75
Quinagolide,quinagolide,90.9090909090909
Somatostatin,somatostatin,91.66666666666666
Elvitegravir,elvitegravir,91.66666666666666
Daclatasvir,daclatasvir,90.9090909090909
Colfosceril palmitate,colfosceril palmitate,95.23809523809523
Diiodohydroxyquinoline,diiodohydroxyquinoline,95.45454545454545
Paraldehyde,paraldehyde,90.9090909090909
Stiripentol,stiripentol,90.9090909090909
Zucapsaicin,zucapsaicin,90.9090909090909
Medrogestone,medrogestone,91.66666666666666
Brexpiprazole,brexpiprazole,92.3076923076923
Florbetaben F-18,florbetaben F18,90.32258064516128
Florbetapir F-18,Florbetapir F-18,100.0
Flutemetamol (18F),Flutemetamol (18F),100.0
Carbon dioxide,carbon dioxide,92.85714285714286
Viloxazine,viloxazine,90.0
Etoperidone,etoperidone,90.9090909090909
Lorpiprazole,lorpiprazole,91.66666666666666
Mepiprazole,mepiprazole,90.9090909090909
Lobeglitazone,lobeglitazone,92.3076923076923
Arotinolol,arotinolol,90.0
Moxisylyte,moxisylyte,90.0
Trimazosin,trimazosin,90.0
Pholcodine,pholcodine,90.0
Loxoprofen,loxoprofen,90.0
Dexibuprofen,dexibuprofen,91.66666666666666
Dexketoprofen,dexketoprofen,92.3076923076923
Nicorandil,nicorandil,90.0
Blonanserin,blonanserin,90.9090909090909
Barnidipine,aranidipine,90.9090909090909
Aranidipine,aranidipine,90.9090909090909
Azelnidipine,azelnidipine,91.66666666666666
Benidipine,benidipine,90.0
Cilnidipine,cilnidipine,90.9090909090909
Efonidipine,efonidipine,90.9090909090909
Lacidipine,lacidipine,90.0
Levamlodipine,levamlodipine,92.3076923076923
Manidipine,manidipine,90.0
Moxonidine,moxonidine,90.0
Hydracarbazine,hydracarbazine,92.85714285714286
Pirlindole,pirlindole,90.0
Toloxatone,toloxatone,90.0
Iproclozide,iproclozide,90.9090909090909
Mebanazine,mebanazine,90.0
Pheniprazine,pheniprazine,91.66666666666666
Phenoxypropazine,fenoxypropazine,90.32258064516128
Pivhydrazine,pivhydrazine,91.66666666666666
Caroxazone,caroxazone,90.0
Imidafenacin,imidafenacin,91.66666666666666
Lixisenatide,lixisenatide,91.66666666666666
Ubidecarenone,ubidecarenone,92.3076923076923
Cimetropium,cimetropium,90.9090909090909
Eluxadoline,eluxadoline,90.9090909090909
Doxofylline,doxofylline,90.9090909090909
Artesunate,artesunate,90.0
Fimasartan,fimasartan,90.0
Lumacaftor,lumacaftor,90.0
Molsidomine,molsidomine,90.9090909090909
Morniflumate,morniflumate,91.66666666666666
Pipamperone,pipamperone,90.9090909090909
Propacetamol,propacetamol,91.66666666666666
Tianeptine,tianeptine,90.0
Ramosetron,ramosetron,90.0
Rolapitant,rolapitant,90.0
Sacubitril,sacubitril,90.0
Talniflumate,talniflumate,91.66666666666666
Ombitasvir,ombitasvir,90.0
Paritaprevir,paritaprevir,91.66666666666666
Setiptiline,setiptiline,90.9090909090909
Metralindole,metralindole,91.66666666666666
Carindacillin,carindacillin,92.3076923076923
Osimertinib,osimertinib,90.9090909090909
Alatrofloxacin,alatrofloxacin,92.85714285714286
Propoxycaine,propoxycaine,91.66666666666666
Pramocaine,pramocaine,90.0
Acetrizoic acid,acetrizoic acid,93.33333333333333
Propiolactone,propiolactone,92.3076923076923
Levobetaxolol,levobetaxolol,92.3076923076923
Sulfabenzamide,sulfabenzamide,92.85714285714286
Dexpanthenol,dexpanthenol,91.66666666666666
Propyliodone,propyliodone,91.66666666666666
Norethynodrel,norethynodrel,92.3076923076923
Fluprednisolone,fluprednisolone,93.33333333333333
Iodohippurate sodium I-131,iodohippurate sodium I131,94.11764705882352
Meprednisone,meprednisone,91.66666666666666
Isosorbide,isosorbide,90.0
Protirelin,protirelin,90.0
Iodohippurate sodium I-123,iodohippurate sodium I125,90.19607843137256
Enalaprilat,enalaprilat,90.9090909090909
Acrivastine,acrivastine,90.9090909090909
Avobenzone,avobenzone,90.0
Octinoxate,octinoxate,90.0
Fludeoxyglucose (18F),fludeoxyglucose (18F),95.23809523809523
Hydroquinone,hydroquinone,91.66666666666666
Perflexane,perflexane,90.0
Octocrylene,octocrylene,90.9090909090909
Methyl salicylate,methyl salicylate,94.11764705882352
Choline C-11,Choline C-11,100.0
Levmetamfetamine,levmetamfetamine,93.75
Octisalate,octisalate,90.0
Homosalate,homosalate,90.0
Phenyl salicylate,phenyl salicylate,94.11764705882352
Cetylpyridinium,cetylpyridinium,93.33333333333333
Resorcinol,resorcinol,90.0
Hydrogen peroxide,hydrogen peroxide,94.11764705882352
Meradimate,meradimate,90.0
N-acetyltyrosine,N-Acetyltyrosine,93.75
Benzalkonium,benzalkonium,91.66666666666666
Ensulizole,ensulizole,90.0
Chloroxylenol,chloroxylenol,92.3076923076923
Benzethonium,benzethonium,91.66666666666666
Cupric oxide,cupric oxide,91.66666666666666
Selenomethionine,selenomethionine,93.75
Oxyquinoline,oxyquinoline,91.66666666666666
Triclocarban,triclocarban,91.66666666666666
Phenyltoloxamine,phenyltoloxamine,93.75
Tetrofosmin,tetrofosmin,90.9090909090909
Homatropine,homatropine,90.9090909090909
Oftasceine,oftasceine,90.0
Sulisobenzone,sulisobenzone,92.3076923076923
Pentoxyverine,pentoxyverine,92.3076923076923
Pantethine,pantethine,90.0
Menthyl salicylate,menthyl salicylate,94.44444444444444
Bemotrizinol,bemotrizinol,91.66666666666666
Enzacamene,enzacamene,90.0
Octacosanol,1-Octacosanol,91.66666666666666
Dioxybenzone,dioxybenzone,91.66666666666666
Padimate A,Padimate A,100.0
Thonzylamine,thonzylamine,91.66666666666666
Hexylresorcinol,hexylresorcinol,93.33333333333333
Bisoctrizole,bisoctrizole,91.66666666666666
Protocatechualdehyde,protocatechualdehyde,95.0
Dihydroergocornine,dihydroergocornine,94.44444444444444
Epicriptine,epicriptine,90.9090909090909
Diethyltoluamide,diethyltoluamide,93.75
DL-dimyristoylphosphatidylcholine,dimyristoylphosphatidylcholine,95.23809523809523
DL-dimyristoylphosphatidylglycerol,dimyristoylphosphatidylglycerol,95.38461538461537
Phenoxyethanol,phenoxyethanol,92.85714285714286
Methscopolamine,methscopolamine,93.33333333333333
Glycol salicylate,glycol salicylate,94.11764705882352
Dipyrithione,dipyrithione,91.66666666666666
Roquinimex,roquinimex,90.0
Cefroxadine,cefroxadine,90.9090909090909
Alfaxalone,alfaxalone,90.0
Carbarsone,carbarsone,90.0
Chlorobutanol,chlorobutanol,92.3076923076923
Chloroform,chloroform,90.0
Dichlorophen,dichlorophen,91.66666666666666
Fenbendazole,fenbendazole,91.66666666666666
Medetomidine,medetomidine,91.66666666666666
Moxidectin,moxidectin,90.0
Nifurpirinol,nifurpirinol,91.66666666666666
Oleandomycin,oleandomycin,91.66666666666666
Pimobendan,pimobendan,90.0
Sulfachlorpyridazine,sulfachlorpyridazine,95.0
Sulfaethoxypyridazine,sulfamethoxypyridazine,93.02325581395348
Metrifonate,metrifonate,90.9090909090909
Nalorphine,nalorphine,90.0
Caramiphen,caramiphen,90.0
Dihydrostreptomycin,dihydrostreptomycin,94.73684210526316
Dithiazanine,dithiazanine,91.66666666666666
Etymemazine,etymemazine,90.9090909090909
Padimate O,Padimate O,100.0
Grazoprevir,grazoprevir,90.9090909090909
Ferric oxide,ferric oxide,91.66666666666666
Venetoclax,venetoclax,90.0
Thiocolchicoside,thiocolchicoside,93.75
Asunaprevir,asunaprevir,90.9090909090909
Etafedrine,etafedrine,90.0
Normethadone,normethadone,91.66666666666666
Oxilofrine,oxilofrine,90.0
Lifitegrast,lifitegrast,90.9090909090909
Velpatasvir,velpatasvir,90.9090909090909
Rupatadine,rupatadine,90.0
Pirarubicin,pirarubicin,90.9090909090909
Aclarubicin,aclarubicin,90.9090909090909
Gestrinone,gestrinone,90.0
Perflenapent,perflenapent,91.66666666666666
Depreotide,depreotide,90.0
Laropiprant,laropiprant,90.9090909090909
Temoporfin,temoporfin,90.0
Tocofersolan,tocofersolan,91.66666666666666
Nomegestrol,nomegestrol,90.9090909090909
Amifampridine,amifampridine,92.3076923076923
Vinflunine,vinflunine,90.0
Pitolisant,pitolisant,90.0
Bremelanotide,bremelanotide,92.3076923076923
Rebamipide,rebamipide,90.0
Triheptanoin,triheptanoin,91.66666666666666
Treosulfan,treosulfan,90.0
Daprodustat,daprodustat,90.9090909090909
Selumetinib,selumetinib,90.9090909090909
Naldemedine,naldemedine,90.9090909090909
Voclosporin,voclosporin,90.9090909090909
Racecadotril,racecadotril,91.66666666666666
Ipragliflozin,ipragliflozin,92.3076923076923
Tropisetron,tropisetron,90.9090909090909
Setmelanotide,setmelanotide,92.3076923076923
Amenamevir,amenamevir,90.0
Acalabrutinib,acalabrutinib,92.3076923076923
Tezacaftor,tezacaftor,90.0
Encorafenib,encorafenib,90.9090909090909
Ribociclib,ribociclib,90.0
Lasmiditan,lasmiditan,90.0
Rilmenidine,rilmenidine,90.9090909090909
Vonoprazan,vonoprazan,90.0
Benfotiamine,benfotiamine,91.66666666666666
Cabotegravir,cabotegravir,91.66666666666666
Istradefylline,istradefylline,92.85714285714286
Pazufloxacin,pazufloxacin,91.66666666666666
Capmatinib,capmatinib,90.0
Mirodenafil,mirodenafil,90.9090909090909
Fostemsavir,fostemsavir,90.9090909090909
Bictegravir,bictegravir,90.9090909090909
Talaporfin,talaporfin,90.0
Baricitinib,baricitinib,90.9090909090909
Nifurtimox,nifurtimox,90.0
Esketamine,esketamine,90.0
Tofogliflozin,tofogliflozin,92.3076923076923
Ertugliflozin,ertugliflozin,92.3076923076923
Ruboxistaurin,ruboxistaurin,92.3076923076923
Osilodrostat,osilodrostat,91.66666666666666
Revefenacin,revefenacin,90.9090909090909
Brexanolone,brexanolone,90.9090909090909
Alanyl glutamine,alanyl glutamine,93.75
Infigratinib,infigratinib,91.66666666666666
Prulifloxacin,prulifloxacin,92.3076923076923
Apalutamide,apalutamide,90.9090909090909
Valbenazine,valbenazine,90.9090909090909
Deflazacort,deflazacort,90.9090909090909
Vaniprevir,vaniprevir,90.0
Abametapir,abametapir,90.0
Delafloxacin,delafloxacin,91.66666666666666
Teneligliptin,teneligliptin,92.3076923076923
Lemborexant,lemborexant,90.9090909090909
Dacomitinib,dacomitinib,90.9090909090909
Ilaprazole,ilaprazole,90.0
Binimetinib,binimetinib,90.9090909090909
Entrectinib,entrectinib,90.9090909090909
Benznidazole,benznidazole,91.66666666666666
Omarigliptin,omarigliptin,91.66666666666666
Avatrombopag,avatrombopag,91.66666666666666
Thymopentin,thymopentin,90.9090909090909
Sorivudine,sorivudine,90.0
Abemaciclib,abemaciclib,90.9090909090909
Fostamatinib,fostamatinib,91.66666666666666
Tecovirimat,tecovirimat,90.9090909090909
Voxilaprevir,voxilaprevir,91.66666666666666
Broxuridine,broxuridine,90.9090909090909
Sarecycline,sarecycline,90.9090909090909
Letermovir,letermovir,90.0
Anecortave,anecortave,90.0
Vesnarinone,vesnarinone,90.9090909090909
Oxitropium,oxitropium,90.0
Naftopidil,naftopidil,90.0
Vaborbactam,vaborbactam,90.9090909090909
Cinepazide,cinepazide,90.0
Sultamicillin,sultamicillin,92.3076923076923
Lorlatinib,lorlatinib,90.0
Vinpocetine,vinpocetine,90.9090909090909
Gilteritinib,gilteritinib,91.66666666666666
Erdafitinib,erdafitinib,90.9090909090909
Menatetrenone,menatetrenone,92.3076923076923
Citicoline,citicoline,90.0
Bucillamine,bucillamine,90.9090909090909
Deutetrabenazine,deutetrabenazine,93.75
Sarpogrelate,sarpogrelate,91.66666666666666
Nimorazole,nimorazole,90.0
Luseogliflozin,luseogliflozin,92.85714285714286
Beclabuvir,beclabuvir,90.0
Iguratimod,iguratimod,90.0
Triclabendazole,triclabendazole,93.33333333333333
Tulobuterol,tulobuterol,90.9090909090909
Moxaverine,moxaverine,90.0
Vadadustat,vadadustat,90.0
Brigatinib,brigatinib,90.0
Propiverine,propiverine,90.9090909090909
Doravirine,doravirine,90.0
Eltanolone,eltanolone,90.0
Dopexamine,dopexamine,90.0
Chlorproguanil,chlorproguanil,92.85714285714286
Benzbromarone,benzbromarone,92.3076923076923
Carisbamate,carisbamate,90.9090909090909
Temocillin,temocillin,90.0
Enbucrilate,enbucrilate,90.9090909090909
Betrixaban,betrixaban,90.0
Relebactam,relebactam,90.0
Esreboxetine,reboxetine,90.9090909090909
Polmacoxib,polmacoxib,90.0
Bromperidol,bromperidol,90.9090909090909
Remimazolam,remimazolam,90.9090909090909
Iobitridol,iobitridol,90.0
Gemigliptin,gemigliptin,90.9090909090909
Anagliptin,anagliptin,90.0
Nadifloxacin,nadifloxacin,91.66666666666666
Omadacycline,omadacycline,91.66666666666666
Rimegepant,rimegepant,90.0
Ketanserin,ketanserin,90.0
Favipiravir,favipiravir,90.9090909090909
Ibrexafungerp,ibrexafungerp,92.3076923076923
Levodropropizine,levodropropizine,93.75
Taurolidine,taurolidine,90.9090909090909
Lynestrenol,lynestrenol,90.9090909090909
Zabofloxacin,zabofloxacin,91.66666666666666
Acotiamide,acotiamide,90.0
Copanlisib,copanlisib,90.0
Elobixibat,elobixibat,90.0
Promestriene,promestriene,91.66666666666666
Piritramide,piritramide,90.9090909090909
Clascoterone,clascoterone,91.66666666666666
Fedratinib,fedratinib,90.0
Mizolastine,mizolastine,90.9090909090909
Oxetacaine,oxetacaine,90.0
Samidorphan,samidorphan,90.9090909090909
Mebeverine,mebeverine,90.0
Anhydrovinblastine,anhydrovinblastine,94.44444444444444
Nafamostat,nafamostat,90.0
Plazomicin,plazomicin,90.0
Mizoribine,mizoribine,90.0
Octenidine,octenidine,90.0
Evogliptin,evogliptin,90.0
Protionamide,protionamide,91.66666666666666
Lurbinectedin,lurbinectedin,92.3076923076923
Gusperimus,gusperimus,90.0
Sulprostone,sulprostone,90.9090909090909
Pilsicainide,pilsicainide,91.66666666666666
Sotagliflozin,sotagliflozin,92.3076923076923
Perfosfamide,perfosfamide,91.66666666666666
Butylphthalide,butylphthalide,92.85714285714286
Cicletanine,cicletanine,90.9090909090909
Lafutidine,lafutidine,90.0
Quinfamide,quinfamide,90.0
Benserazide,benserazide,90.9090909090909
Norethandrolone,norethandrolone,93.33333333333333
Trifarotene,trifarotene,90.9090909090909
Perflubutane,perflubutane,91.66666666666666
Prednimustine,prednimustine,92.3076923076923
Tandospirone,tandospirone,91.66666666666666
Secnidazole,secnidazole,90.9090909090909
Reproterol,reproterol,90.0
Sivelestat,sivelestat,90.0
Melarsoprol,melarsoprol,90.9090909090909
Etelcalcetide,etelcalcetide,92.3076923076923
Benperidol,benperidol,90.0
Intoplicine,intoplicine,90.9090909090909
Quizartinib,quizartinib,90.9090909090909
Tazemetostat,tazemetostat,91.66666666666666
Fiacitabine,ibacitabine,90.9090909090909
Trofosfamide,trofosfamide,91.66666666666666
Mitolactol,mitolactol,90.0
Gallopamil,gallopamil,90.0
Ozenoxacin,ozenoxacin,90.0
Theodrenaline,theodrenaline,92.3076923076923
Darolutamide,darolutamide,91.66666666666666
Phloroglucinol,phloroglucinol,92.85714285714286
Dihydralazine,dihydralazine,92.3076923076923
Doxifluridine,doxifluridine,92.3076923076923
Pivagabine,pivagabine,90.0
Terizidone,terizidone,90.0
Prothipendyl,prothipendyl,91.66666666666666
Mitoguazone,mitoguazone,90.9090909090909
Pyronaridine,pyronaridine,91.66666666666666
Pexidartinib,pexidartinib,91.66666666666666
Tinoridine,tinoridine,90.0
Cortivazol,cortivazol,90.0
Ornidazole,ornidazole,90.0
Ramatroban,ramatroban,90.0
Aminaphthone,aminaphthone,91.66666666666666
Fenoverine,fenoverine,90.0
Irsogladine,irsogladine,90.9090909090909
Tramazoline,tramazoline,90.9090909090909
Creatinolfosfate,creatinolfosfate,93.75
Macimorelin,macimorelin,90.9090909090909
Nefiracetam,nefiracetam,90.9090909090909
Tiropramide,tiropramide,90.9090909090909
Meclocycline,meclocycline,91.66666666666666
Valnoctamide,valnoctamide,91.66666666666666
Amitriptylinoxide,amitriptylinoxide,94.11764705882352
Saroglitazar,saroglitazar,91.66666666666666
Paquinimod,laquinimod,90.0
Troxerutin,troxerutin,90.0
Lusutrombopag,lusutrombopag,92.3076923076923
Trimegestone,trimegestone,91.66666666666666
Artemisinin,artemisinin,90.9090909090909
Fluindione,fluindione,90.0
Levosalbutamol,levosalbutamol,92.85714285714286
Methallenestril,methallenestril,93.33333333333333
Fluciclovine (18F),fluciclovine (18F),94.44444444444444
Alphaprodine,alphaprodine,91.66666666666666
Zofenopril,zofenopril,90.0
Alclofenac,alclofenac,90.0
Nandrolone,nandrolone,90.0
Plecanatide,plecanatide,90.9090909090909
Troleandomycin,troleandomycin,92.85714285714286
Ethacridine,ethacridine,90.9090909090909
Phosphocreatine,phosphocreatine,93.33333333333333
Piprozolin,piprozolin,90.0
Bamifylline,bamifylline,90.9090909090909
Dimethyl carbate,dimethylcarbate,90.32258064516128
Prednylidene,prednylidene,91.66666666666666
Phenolsulfonphthalein,phenolsulfonphthalein,95.23809523809523
Butaperazine,butaperazine,91.66666666666666
Sulfadicramide,sulfadicramide,92.85714285714286
Sulfobromophthalein,sulfobromophthalein,94.73684210526316
Medifoxamine,medifoxamine,91.66666666666666
Tilbroquinol,tilbroquinol,91.66666666666666
Piperidione,piperidione,90.9090909090909
Dibenzepin,dibenzepin,90.0
Acetylleucine,acetylleucine,92.3076923076923
Tribenoside,tribenoside,90.9090909090909
Flosequinan,flosequinan,90.9090909090909
Gestonorone,gestonorone,90.9090909090909
Suxibuzone,suxibuzone,90.0
Propanidid,propanidid,90.0
Tuaminoheptane,tuaminoheptane,92.85714285714286
Neltenexine,neltenexine,90.9090909090909
Bucladesine,bucladesine,90.9090909090909
Tiazofurine,tiazofurine,90.9090909090909
Quinupramine,quinupramine,91.66666666666666
Pramiracetam,pramiracetam,91.66666666666666
Phthalylsulfathiazole,phthalylsulfathiazole,95.23809523809523
Octopamine,octopamine,90.0
Tropatepine,tropatepine,90.9090909090909
Proxibarbal,proxibarbal,90.9090909090909
Propatyl nitrate,propatylnitrate,90.32258064516128
Sitafloxacin,sitafloxacin,91.66666666666666
Aceclidine,aceclidine,90.0
Hexobendine,hexobendine,90.9090909090909
Cefatrizine,cefatrizine,90.9090909090909
Ritiometan,ritiometan,90.0
Meladrazine,meladrazine,90.9090909090909
Sultopride,sultopride,90.0
Micronomicin,micronomicin,91.66666666666666
Clorindione,clorindione,90.9090909090909
Idanpramine,idanpramine,90.9090909090909
Benziodarone,benziodarone,91.66666666666666
Carbocromen,carbocromen,90.9090909090909
Etilamfetamine,etilamfetamine,92.85714285714286
Bumadizone,bumadizone,90.0
Miocamycin,miocamycin,90.0
Tromantadine,tromantadine,91.66666666666666
Rimazolium,rimazolium,90.0
Cloridarol,cloridarol,90.0
Pimethixene,pimethixene,90.9090909090909
Azidamfenicol,azidamfenicol,92.3076923076923
Atracurium,atracurium,90.0
Propamidine,propamidine,90.9090909090909
Idrocilamide,idrocilamide,91.66666666666666
Febarbamate,febarbamate,90.9090909090909
Triaziquone,triaziquone,90.9090909090909
Tolpropamine,tolpropamine,91.66666666666666
Chlorquinaldol,chlorquinaldol,92.85714285714286
Proscillaridin,proscillaridin,92.85714285714286
Oxametacin,oxametacin,90.0
Benproperine,benproperine,91.66666666666666
Ormeloxifene,ormeloxifene,91.66666666666666
Trepibutone,trepibutone,90.9090909090909
Melevodopa,melevodopa,90.0
Alminoprofen,alminoprofen,91.66666666666666
Flunoxaprofen,flunoxaprofen,92.3076923076923
Demecolcine,demecolcine,90.9090909090909
Propenidazole,propenidazole,92.3076923076923
Sulfaperin,sulfaperin,90.0
Trichloroethylene,trichloroethylene,94.11764705882352
Tetrazepam,tetrazepam,90.0
Picotamide,picotamide,90.0
Butanilicaine,butanilicaine,92.3076923076923
Guaiazulen,guaiazulen,90.0
Amezinium metilsulfate,amezinium metilsulfate,95.45454545454545
Pyrithyldione,pyrithyldione,92.3076923076923
Dibutylsuccinate,dibutylsuccinate,93.75
Mannosulfan,mannosulfan,90.9090909090909
Dimethylphthalate,dimethylphthalate,94.11764705882352
Pheneticillin,pheneticillin,92.3076923076923
Flurithromycin,flurithromycin,92.85714285714286
Suloctidil,suloctidil,90.0
Fenozolone,fenozolone,90.0
Dihydroergocristine,dihydroergocristine,94.73684210526316
Diphenadione,diphenadione,91.66666666666666
Azanidazole,azanidazole,90.9090909090909
Piperidolate,piperidolate,91.66666666666666
Phenprobamate,phenprobamate,92.3076923076923
Cibenzoline,cibenzoline,90.9090909090909
Tolciclate,tolciclate,90.0
Trimethyldiphenylpropylamine,trimethyldiphenylpropylamine,96.42857142857143
Pheneturide,pheneturide,90.9090909090909
Cloricromen,cloricromen,90.9090909090909
Motretinide,motretinide,90.9090909090909
Bromisoval,bromisoval,90.0
Difenpiramide,difenpiramide,92.3076923076923
Succinimide,succinimide,90.9090909090909
Vinbarbital,vinbarbital,90.9090909090909
Norfenefrine,norfenefrine,91.66666666666666
Difemerine,difemerine,90.0
Chlorproethazine,chlorproethazine,93.75
Diiodohydroxypropane,diiodohydroxypropane,95.0
Melitracen,melitracen,90.0
Dihydroergocryptine,dihydroergocryptine,94.73684210526316
Epimestrol,epimestrol,90.0
Levoverbenone,levoverbenone,92.3076923076923
Adrenalone,adrenalone,90.0
Prenoxdiazine,prenoxdiazine,92.3076923076923
Oxyfedrine,oxyfedrine,90.0
Linsidomine,linsidomine,90.9090909090909
Metildigoxin,metildigoxin,91.66666666666666
Oxypertine,oxypertine,90.0
Carbutamide,carbutamide,90.9090909090909
Nifenazone,nifenazone,90.0
Rokitamycin,rokitamycin,90.9090909090909
Guanoxabenz,guanoxabenz,90.9090909090909
Lofepramine,lofepramine,90.9090909090909
Pirisudanol,pirisudanol,90.9090909090909
Phenglutarimide,phenglutarimide,93.33333333333333
Fenyramidol,fenyramidol,90.9090909090909
Pentetrazol,pentetrazol,90.9090909090909
Sulbutiamine,sulbutiamine,91.66666666666666
Morinamide,morinamide,90.0
Nicofuranose,nicofuranose,91.66666666666666
Ferric hydroxide,ferric hydroxide,93.75
Clofenotane,clofenotane,90.9090909090909
Flutrimazole,flutrimazole,91.66666666666666
Tolonidine,tolonidine,90.0
Mebutizide,mebutizide,90.0
Proglumide,proglumide,90.0
Simfibrate,simfibrate,90.0
Fenticonazole,fenticonazole,92.3076923076923
Endralazine,endralazine,90.9090909090909
Droxypropine,droxypropine,91.66666666666666
Prolintane,prolintane,90.0
Fenpiprane,fenpiprane,90.0
Niceritrol,niceritrol,90.0
Esatenolol,esatenolol,90.0
Nepinalone,nepinalone,90.0
Proxyphylline,proxyphylline,92.3076923076923
Tioclomarol,tioclomarol,90.9090909090909
Cadralazine,cadralazine,90.9090909090909
Nicomorphine,nicomorphine,91.66666666666666
Oxaflozane,oxaflozane,90.0
Ronifibrate,ronifibrate,90.9090909090909
Ornipressin,ornipressin,90.9090909090909
Ciclobendazole,ciclobendazole,92.85714285714286
Deptropine,deptropine,90.0
Lanatoside C,lanatoside C,91.66666666666666
Etybenzatropine,etybenzatropine,93.33333333333333
Phanquinone,phanquinone,90.9090909090909
Cefodizime,cefodizime,90.0
Nalfurafine,nalfurafine,90.9090909090909
Cyclofenil,cyclofenil,90.0
Antimony pentasulfide,antimony pentasulfide,95.23809523809523
Tipepidine,tipepidine,90.0
Diisopromine,diisopromine,91.66666666666666
Meptazinol,meptazinol,90.0
Histapyrrodine,histapyrrodine,92.85714285714286
Quinbolone,quinbolone,90.0
Sulfametomidine,sulfametomidine,93.33333333333333
Magnesium peroxide,magnesium peroxide,94.44444444444444
Bencyclane,bencyclane,90.0
Fluperolone,fluperolone,90.9090909090909
Cyclobutyrol,cyclobutyrol,91.66666666666666
Dimetofrine,dimetofrine,90.9090909090909
Valethamate,valethamate,90.9090909090909
Cefsulodin,cefsulodin,90.0
Emepronium,emepronium,90.0
Carfecillin,carfecillin,90.9090909090909
Cloranolol,cloranolol,90.0
Buflomedil,buflomedil,90.0
Clebopride,clebopride,90.0
Tribromometacresol,tribromometacresol,94.44444444444444
Pranoprofen,pranoprofen,90.9090909090909
Levomethadone,levomethadone,92.3076923076923
Clodantoin,clodantoin,90.0
Angiotensinamide,angiotensinamide,93.75
Metergoline,metergoline,90.9090909090909
Veralipride,veralipride,90.9090909090909
Propyphenazone,propyphenazone,92.85714285714286
Proglumetacin,proglumetacin,92.3076923076923
Chlormadinone,chlormadinone,92.3076923076923
Mepindolol,mepindolol,90.0
Nicofetamide,nicofetamide,91.66666666666666
Cyclopenthiazide,cyclopenthiazide,93.75
Methylestrenolone,methylestrenolone,94.11764705882352
Broxyquinoline,broxyquinoline,92.85714285714286
Gitoformate,gitoformate,90.9090909090909
Guacetisal,guacetisal,90.0
Isepamicin,isepamicin,90.0
Iprazochrome,iprazochrome,91.66666666666666
Mitobronitol,mitobronitol,91.66666666666666
Ethenzamide,ethenzamide,90.9090909090909
Isobromindione,isobromindione,92.85714285714286
Nizofenone,nizofenone,90.0
Dibrompropamidine,dibrompropamidine,94.11764705882352
4-dimethylaminophenol,4-dimethylaminophenol,100.0
Bifemelane,bifemelane,90.0
Cinchophen,cinchophen,90.0
Trifluperidol,trifluperidol,92.3076923076923
Sulfamazone,sulfamazone,90.9090909090909
Thiopropazate,thiopropazate,92.3076923076923
Morclofone,morclofone,90.0
Clobenzorex,clobenzorex,90.9090909090909
Norgestrienone,norgestrienone,92.85714285714286
Sequifenadine,sequifenadine,92.3076923076923
Desaspidin,desaspidin,90.0
Pentamycin,pentamycin,90.0
Emylcamate,emylcamate,90.0
Acefylline,acefylline,90.0
Heptaminol,heptaminol,90.0
Bietaserpine,bietaserpine,91.66666666666666
Allobarbital,allobarbital,91.66666666666666
Metabutethamine,metabutethamine,93.33333333333333
Succinylsulfathiazole,succinylsulfathiazole,95.23809523809523
Rociverine,rociverine,90.0
Mephenesin,mephenesin,90.0
Metandienone,metandienone,91.66666666666666
Mesterolone,mesterolone,90.9090909090909
Naftidrofuryl,naftidrofuryl,92.3076923076923
Metopimazine,metopimazine,91.66666666666666
Etamiphylline,etamiphylline,92.3076923076923
Zolimidine,zolimidine,90.0
Oxycinchophen,oxycinchophen,92.3076923076923
Moroxydine,moroxydine,90.0
Diethyl ether,diethyl ether,92.3076923076923
Difetarsone,difetarsone,90.9090909090909
Oxiracetam,oxiracetam,90.0
Promegestone,promegestone,91.66666666666666
Pyrrolnitrin,pyrrolnitrin,91.66666666666666
Guanazodine,guanazodine,90.9090909090909
Phenoperidine,phenoperidine,92.3076923076923
Phenazocine,phenazocine,90.9090909090909
Picloxydine,picloxydine,90.9090909090909
Tiocarlide,tiocarlide,90.0
Umifenovir,umifenovir,90.0
Flumedroxone,flumedroxone,91.66666666666666
Chlormidazole,chlormidazole,92.3076923076923
Metizoline,metizoline,90.0
Mifamurtide,mifamurtide,90.9090909090909
Clorexolone,clorexolone,90.9090909090909
Ipriflavone,ipriflavone,90.9090909090909
Bornaprine,bornaprine,90.0
Fabomotizole,fabomotizole,91.66666666666666
Methoxyphenamine,methoxyphenamine,93.75
Carbuterol,carbuterol,90.0
Ethyl hydroxybenzoate,ethyl hydroxybenzoate,95.23809523809523
Mofebutazone,mofebutazone,91.66666666666666
Bibenzonium,bibenzonium,90.9090909090909
Methoserpidine,methoserpidine,92.85714285714286
Protiofate,protiofate,90.0
Pentifylline,pentifylline,91.66666666666666
Tiracizine,tiracizine,90.0
Tenitramine,tenitramine,90.9090909090909
Cefbuperazone,cefbuperazone,92.3076923076923
Acetoxolone,acetoxolone,90.9090909090909
Metisazone,metisazone,90.0
Loprazolam,loprazolam,90.0
Methylthiouracil,methylthiouracil,93.75
Ethacizine,ethacizine,90.0
Alcuronium,alcuronium,90.0
Proquazone,proquazone,90.0
Lorcainide,lorcainide,90.0
Nikethamide,nikethamide,90.9090909090909
Eberconazole,eberconazole,91.66666666666666
Benorilate,benorilate,90.0
Tenonitrozole,tenonitrozole,92.3076923076923
Propicillin,propicillin,90.9090909090909
Niridazole,niridazole,90.0
Hexapropymate,hexapropymate,92.3076923076923
Clofenamide,clofenamide,90.9090909090909
Formocortal,formocortal,90.9090909090909
Cefozopran,cefozopran,90.0
Ipidacrine,ipidacrine,90.0
Sulbentine,sulbentine,90.0
Dimethylaminopropionylphenothiazine,dimethylaminopropionylphenothiazine,97.14285714285714
Bekanamycin,bekanamycin,90.9090909090909
Cridanimod,cridanimod,90.0
Metahexamide,metahexamide,91.66666666666666
Mosapramine,mosapramine,90.9090909090909
Carboquone,carboquone,90.0
Dihexyverine,dihexyverine,91.66666666666666
Dexchlorpheniramine,dexchlorpheniramine,94.73684210526316
Butalamine,butalamine,90.0
Quinisocaine,quinisocaine,91.66666666666666
Omoconazole,omoconazole,90.9090909090909
Clometocillin,clometocillin,92.3076923076923
Niaprazine,niaprazine,90.0
Tacalcitol,tacalcitol,90.0
Acetyldigoxin,acetyldigoxin,92.3076923076923
Tretoquinol,tretoquinol,90.9090909090909
Sulbenicillin,sulbenicillin,92.3076923076923
Distigmine,distigmine,90.0
Penthienate,penthienate,90.9090909090909
Bromochlorosalicylanilide,bromochlorosalicylanilide,96.0
Sulfathiourea,sulfathiourea,92.3076923076923
Decamethoxine,decamethoxine,92.3076923076923
Fenquizone,fenquizone,90.0
Ciclonicate,ciclonicate,90.9090909090909
Tritoqualine,tritoqualine,91.66666666666666
Dixanthogen,dixanthogen,90.9090909090909
Quifenadine,quifenadine,90.9090909090909
Dibutylphthalate,dibutylphthalate,93.75
Phenothrin,phenothrin,90.0
Hydroquinine,hydroquinine,91.66666666666666
Trolnitrate,trolnitrate,90.9090909090909
Diphemanil,diphemanil,90.0
Cypermethrin,cypermethrin,91.66666666666666
Terodiline,terodiline,90.0
Sulfaguanidine,sulfaguanidine,92.85714285714286
Halometasone,halometasone,91.66666666666666
Nifurtoinol,nifurtoinol,90.9090909090909
Butamirate,butamirate,90.0
Methylpentynol,methylpentynol,92.85714285714286
Biphenylol,biphenylol,90.0
Fenoxazoline,fenoxazoline,91.66666666666666
Cyclobarbital,cyclobarbital,92.3076923076923
Penamecillin,penamecillin,91.66666666666666
Bioallethrin,bioallethrin,91.66666666666666
Tetramethrin,tetramethrin,91.66666666666666
Mephenoxalone,mephenoxalone,92.3076923076923
Peruvoside,peruvoside,90.0
Meclofenoxate,meclofenoxate,92.3076923076923
Fenpiverinium,fenpiverinium,92.3076923076923
Niperotidine,niperotidine,91.66666666666666
Dexrabeprazole,dexrabeprazole,92.85714285714286
Monoxerutin,monoxerutin,90.9090909090909
Lidoflazine,lidoflazine,90.9090909090909
Vinylbital,vinylbital,90.0
Rufloxacin,rufloxacin,90.0
Sulfamethoxypyridazine,sulfamethoxypyridazine,95.45454545454545
Tertatolol,tertatolol,90.0
Ibacitabine,ibacitabine,90.9090909090909
Prenalterol,prenalterol,90.9090909090909
Cefazedone,cefazedone,90.0
Imipramine oxide,imipramine oxide,93.75
Acemetacin,acemetacin,90.0
Dixyrazine,dixyrazine,90.0
Dropropizine,dropropizine,91.66666666666666
Chlorbenzoxamine,chlorbenzoxamine,93.75
Penfluridol,penfluridol,90.9090909090909
Vinburnine,vinburnine,90.0
Dimethoxanate,dimethoxanate,92.3076923076923
Brodimoprim,brodimoprim,90.9090909090909
Iodocholesterol (131I),iodocholesterol (131I),95.45454545454545
Demoxytocin,demoxytocin,90.9090909090909
Muzolimine,muzolimine,90.0
Benzylthiouracil,benzylthiouracil,93.75
Linopirdine,linopirdine,90.9090909090909
Tisopurine,tisopurine,90.0
Mebhydrolin,mebhydrolin,90.9090909090909
Dimemorfan,dimemorfan,90.0
Talampicillin,talampicillin,92.3076923076923
Xenysalate,xenysalate,90.0
Aspoxicillin,aspoxicillin,91.66666666666666
Bibrocathol,bibrocathol,90.9090909090909
Oxomemazine,oxomemazine,90.9090909090909
Meprotixol,meprotixol,90.0
Etohexadiol,etohexadiol,90.9090909090909
Indanazoline,indanazoline,91.66666666666666
Cyfluthrin,cyfluthrin,90.0
Ranimustine,ranimustine,90.9090909090909
Methylatropine,methylatropine,92.85714285714286
Caroverine,caroverine,90.0
Metampicillin,metampicillin,92.3076923076923
Doxefazepam,doxefazepam,90.9090909090909
Noxytiolin,noxytiolin,90.0
Dipyrocetyl,dipyrocetyl,90.9090909090909
Hydroxyethylpromethazine,hydroxyethylpromethazine,95.83333333333334
Clopenthixol,clopenthixol,91.66666666666666
Etofylline nicotinate,etofylline nicotinate,95.23809523809523
Cloprednol,cloprednol,90.0
Pipenzolate,pipenzolate,90.9090909090909
Pyrrobutamine,pyrrobutamine,92.3076923076923
Fluorodopa (18F),fluorodopa (18F),93.75
Clofibride,clofibride,90.0
Timepidium,timepidium,90.0
Anethole trithione,anethole trithione,94.44444444444444
Nifuroxazide,nifuroxazide,91.66666666666666
Fluclorolone,fluclorolone,91.66666666666666
Demegestone,demegestone,90.9090909090909
Lormetazepam,lormetazepam,91.66666666666666
Enasidenib,enasidenib,90.0
Pibrentasvir,pibrentasvir,91.66666666666666
Glecaprevir,glecaprevir,90.9090909090909
Methyl nicotinate,methyl nicotinate,94.11764705882352
Bismuth subgallate,bismuth subgallate,94.44444444444444
Semaglutide,semaglutide,90.9090909090909
Netarsudil,netarsudil,90.0
Piperaquine,piperaquine,90.9090909090909
Testosterone undecanoate,testosterone undecanoate,95.83333333333334
Estradiol valerate,estradiol valerate,94.44444444444444
Azintamide,azintamide,90.0
Baloxavir marboxil,baloxavir marboxil,94.44444444444444
alpha-Tocopherol acetate,alpha-tocopherol acetate,95.83333333333334
Fosnetupitant,fosnetupitant,92.3076923076923
Clinafloxacin,clinafloxacin,92.3076923076923
Nordazepam,nordazepam,90.0
Acetyl sulfisoxazole,sulfisoxazole acetyl,95.0
Hycanthone,hycanthone,90.0
Lomerizine,lomerizine,90.0
Dexniguldipine,dexniguldipine,92.85714285714286
Cianidanol,cianidanol,90.0
Diazolidinylurea,diazolidinylurea,93.75
Propylparaben,propylparaben,92.3076923076923
Aripiprazole lauroxil,aripiprazole lauroxil,95.23809523809523
Methylparaben,methylparaben,92.3076923076923
Hydrocortisone phosphate,hydrocortisone phosphate,95.83333333333334
Hydrocortisone probutate,hydrocortisone probutate,95.83333333333334
Hydrocortisone valerate,hydrocortisone valerate,95.65217391304348
Hydrocortisone succinate,hydrocortisone succinate,95.83333333333334
Ivosidenib,ivosidenib,90.0
Prednisolone tebutate,prednisolone tebutate,95.23809523809523
Diloxanide furoate,diloxanide furoate,94.44444444444444
Methylprednisolone hemisuccinate,methylprednisolone succinate,90.0
Drostanolone propionate,drostanolone propionate,95.65217391304348
Chloramphenicol palmitate,chloramphenicol palmitate,96.0
Loperamide oxide,loperamide oxide,93.75
Betamethasone phosphate,betamethasone phosphate,95.65217391304348
Estramustine phosphate,estramustine phosphate,95.45454545454545
Bentazepam,bentazepam,90.0
Brovanexine,brovanexine,90.9090909090909
Larotrectinib,larotrectinib,92.3076923076923
Cefamandole nafate,cefamandole nafate,94.44444444444444
Ceftobiprole medocaril,ceftobiprole medocaril,95.45454545454545
Hydroxystilbamidine,hydroxystilbamidine,94.73684210526316
Solriamfetol,solriamfetol,91.66666666666666
Remdesivir,remdesivir,90.0
Cycloguanil,cycloguanil,90.9090909090909
Ripretinib,ripretinib,90.0
Filgotinib,filgotinib,90.0
Cefiderocol,cefiderocol,90.9090909090909
Oliceridine,oliceridine,90.9090909090909
Enarodustat,enarodustat,90.9090909090909
Umbralisib,umbralisib,90.0
Zanubrutinib,zanubrutinib,91.66666666666666
Upadacitinib,upadacitinib,91.66666666666666
Morinidazole,morinidazole,91.66666666666666
Pemigatinib,pemigatinib,90.9090909090909
Pemafibrate,pemafibrate,90.9090909090909
Dasiglucagon,dasiglucagon,91.66666666666666
Avapritinib,avapritinib,90.9090909090909
Epalrestat,epalrestat,90.0
Hydroquinidine,hydroquinidine,92.85714285714286
Trelagliptin,trelagliptin,91.66666666666666
Ubrogepant,ubrogepant,90.0
Xanomeline,xanomeline,90.0
Trilaciclib,trilaciclib,90.9090909090909
Elexacaftor,elexacaftor,90.9090909090909
Vericiguat,vericiguat,90.0
Ethyl salicylate,methyl salicylate,90.9090909090909
Climbazole,climbazole,90.0
Aminopromazine,aminopromazine,92.85714285714286
Selpercatinib,selpercatinib,92.3076923076923
Fluoroestradiol F-18,fluoroestradiol F 18,90.0
Benzyl nicotinate,benzyl nicotinate,94.11764705882352
Fluocortolone pivalate,clocortolone pivalate,93.02325581395348
Mebrofenin,mebrofenin,90.0
Pargeverine,pargeverine,90.9090909090909
Myrtecaine,myrtecaine,90.0
Mecloxamine,mecloxamine,90.9090909090909
Adiphenine,adiphenine,90.0
Pralsetinib,pralsetinib,90.9090909090909
Sulfamethylthiazole,sulfamethylthiazole,94.73684210526316
Pipethanate,pipethanate,90.9090909090909
Fepradinol,fepradinol,90.0
Diquafosol,diquafosol,90.0
Haletazole,haletazole,90.0
Pirenoxine,pirenoxine,90.0
Pitofenone,pitofenone,90.0
Strychnine,strychnine,90.0
Chloroprednisone,chloroprednisone,93.75
Clorotepine,clorotepine,90.9090909090909
Desoxycortone,desoxycortone,92.3076923076923
Sulfametrole,sulfametrole,91.66666666666666
Tetroxoprim,tetroxoprim,90.9090909090909
Parathiazine,parathiazine,91.66666666666666
Homochlorcyclizine,homochlorcyclizine,94.44444444444444
Levocarnitine propionate,levocarnitine propionate,95.83333333333334
Berotralstat,berotralstat,91.66666666666666
Testosterone decanoate,testosterone undecanoate,91.30434782608697
Nifekalant,nifekalant,90.0
Levosulpiride,levosulpiride,92.3076923076923
Amtolmetin guacil,amtolmetin guacil,94.11764705882352
Delgocitinib,delgocitinib,91.66666666666666
Esflurbiprofen,esflurbiprofen,92.85714285714286
Hemoporfin,temoporfin,90.0
Hetrombopag,eltrombopag,90.9090909090909
Janagliflozin,canagliflozin,92.3076923076923
Revaprazan,revaprazan,90.0
Furaltadone,furaltadone,90.9090909090909
Fosdenopterin,fosdenopterin,92.3076923076923
Serdexmethylphenidate,serdexmethylphenidate,95.23809523809523
Famprofazone,famprofazone,91.66666666666666
Cepharanthine,cepharanthine,92.3076923076923
Tosufloxacin,tosufloxacin,91.66666666666666
Ampiroxicam,ampiroxicam,90.9090909090909
Ibuprofen piconol,ibuprofen piconol,94.11764705882352
Olanexidine,olanexidine,90.9090909090909
Diaziquone,diaziquone,90.0
Bisantrene,bisantrene,90.0
Disufenton,disufenton,90.0
Doranidazole,ornidazole,90.9090909090909
Lomifylline,lomifylline,90.9090909090909
Docarpamine,docarpamine,90.9090909090909
Flumecinol,flumecinol,90.0
Pralmorelin,pralmorelin,90.9090909090909
Secalciferol,secalciferol,91.66666666666666
Zotarolimus,zotarolimus,90.9090909090909
Cefetamet pivoxil,cefetamet pivoxil,94.11764705882352
Arterolane,arterolane,90.0
Deudextromethorphan,dextromethorphan,91.42857142857143
Dimepheptanol,dimepheptanol,92.3076923076923
Dexamethasone palmitate,dexamethasone palmitate,95.65217391304348
Arazasetron,azasetron,90.0
Nemonapride,nemonapride,90.9090909090909
Carboprost,carboprost,90.0
Chlorisondamine,chlorisondamine,93.33333333333333
Aminometradine,aminometradine,92.85714285714286
Amisometradine,amisometradine,92.85714285714286
Methylhexaneamine,methylhexaneamine,94.11764705882352
Zoxazolamine,zoxazolamine,91.66666666666666
Phenaglycodol,phenaglycodol,92.3076923076923
Salicylanilide,salicylanilide,92.85714285714286
Syrosingopine,syrosingopine,92.3076923076923
Parethoxycaine,parethoxycaine,92.85714285714286
